5714,5.682502000000000,1.316502100000000,2.159063300000000,crutches
5776,9.929355599056651,-8.202202579687512,-0.106948854765324,crutches
5839,6.255010420990567,-6.049790308372590,-0.643352911202785,crutches
5901,7.545371760937575,-5.154712160377334,0.755286636026201,crutches
5964,7.273594683962271,-7.124082844339634,-1.025098991509414,crutches
6027,7.482767546992934,-3.884660627387964,0.166312829383798,crutches
6089,9.366774369398584,-5.186278702476408,-0.345045480112013,crutches
6152,7.780893950619147,-6.580768561084917,-2.158891097081340,crutches
6214,8.357078186320775,-4.744171761792488,-2.516461060849065,crutches
6277,7.629860508520022,-1.410497621485895,-3.244099257340792,crutches
6340,9.753863472877363,-1.395706763561326,-0.580006089876181,crutches
6402,7.706699478449291,-9.468291889740575,-2.354675709758273,crutches
6465,8.271257170754737,-4.395829829363207,-3.718847254952874,crutches
6527,9.710566485259452,-2.774638058195749,-1.384286041774783,crutches
6590,10.159568349056618,-3.160559030955166,-0.362179186615564,crutches
6653,7.554520066981176,-9.530153737028686,1.040725335519035,crutches
6715,6.212986674528262,-6.672971504716976,-0.243428689905673,crutches
6778,6.262705170931580,-5.035803868543649,-3.559881891332988,crutches
6840,8.223113256485869,-4.349362683726475,-2.604246510436304,crutches
6903,10.130158806308922,-3.917511085848939,-2.043285145401147,crutches
6966,8.186914997641539,-9.783891543632082,-1.227485769032994,crutches
7028,7.175782902417454,-5.962676162558965,0.388373755377360,crutches
7091,4.121458741627356,-7.291208627122639,-1.011826669339624,crutches
7153,6.253574024439858,-7.558946209905671,-0.458108269198119,crutches
7216,7.490806448584904,-7.564986790094347,-1.414099331839619,crutches
7279,7.493646075530652,-7.370263511969326,-0.076466636320731,crutches
7341,6.659174369634399,-8.214334702240482,-0.892105171698074,crutches
7404,7.439574489032997,-6.478745378213438,0.470042599908639,crutches
7466,5.090922441509421,-4.815236142688786,-0.109819530436287,crutches
7529,7.598907008549525,-7.227607596992936,-0.723494639820182,crutches
7592,8.403568593750007,-6.379553406249991,1.753606739681602,crutches
7654,7.065063059139151,-6.860886415389142,0.986007571196937,crutches
7717,6.941556377358492,-7.034682490566039,-0.380001666273583,crutches
7779,6.435050064711072,-2.418321647523508,5.383158557959835,crutches
7842,7.088962912853777,-8.325306313679247,0.677004969746456,crutches
7905,5.909900186320762,-5.623956049086059,-1.775211610524767,crutches
7967,6.783542296933946,-6.211371820165124,-0.558711724882112,crutches
8030,6.825800650353811,-7.318718210023629,-1.911905860996474,crutches
8092,7.449493559551885,-7.338900600000000,-0.318461398909233,crutches
8155,5.962608558372615,-4.453200786379804,0.160424688396200,crutches
8218,5.848363212264176,-6.022759784669726,-2.359158076650903,crutches
8280,7.684705118042440,-8.955821593749887,-3.062532736320927,crutches
8343,9.413096987617925,-4.002962392393864,-1.799921368219342,crutches
8405,7.660543079215707,-4.599551697818542,-1.343941426208973,crutches
8468,7.275502933844339,-5.659999204716979,-1.198795949646219,crutches
8531,7.896533901090759,-6.318334842423372,-1.276247677328998,crutches
8593,7.007652398113223,-5.702666810731070,0.096502080776529,crutches
8656,7.412087161733500,-6.536949267541277,-1.383292499528240,crutches
8718,8.423716849056561,-6.688733703773529,-1.739408567924539,crutches
8781,9.336867375884394,-6.033641494280727,-0.165847075984694,crutches
8844,3.309517836674196,-8.123037886202511,-0.200444774139154,crutches
8906,7.625002553950448,-9.917204193101384,0.026536097206655,crutches
8969,4.716205018867958,-7.912550146580203,-0.276950932452785,crutches
9031,4.544475640625000,-7.737890479687500,0.242655259187500,crutches
9094,6.406276734276748,-7.459786819575398,0.032999112966184,crutches
9157,6.706296413620284,-6.428656666568420,0.502317218579004,crutches
9219,7.710389301886762,-8.511355204009476,0.135872952264159,crutches
9282,6.101287254510597,-7.693571436025971,-1.592083943661549,crutches
9344,7.484178742924512,-7.276947988620327,0.352790931886760,crutches
9407,7.201192890094352,-6.408844208785379,1.283098273231154,crutches
9470,5.986392301650958,-7.040486145047147,2.063577523466963,crutches
9532,7.437643973290143,-6.646534626709856,1.695538397435171,crutches
9595,5.974079723643857,-7.529697432193377,1.353812358962259,crutches
9657,6.800068790683969,-8.157987945459768,1.113130177800705,crutches
9720,-3.234575419150985,3.053607311320739,0.065802526745290,crutches
9783,5.184277174115540,-1.944716849763794,1.431162456839536,crutches
9845,6.162042783490558,-8.299676247051924,-0.778700822464638,crutches
9908,5.669929495135617,-8.691529974646265,-1.034588803979985,crutches
9970,8.250346977594369,-5.044110958726465,-0.335798346332635,crutches
10033,6.693374194251166,-7.523840401680435,-1.081168895224070,crutches
10096,8.523114883254756,-6.081099106485715,-1.041035833608542,crutches
10158,7.019324147670996,-3.816662037293570,-1.761027546668602,crutches
10221,7.739112771698074,-4.490807357311492,-1.348545195754720,crutches
10283,10.311826905365566,-2.339303373083743,-1.777351160170978,crutches
10346,8.302481964032902,-4.611607155837319,-3.952487072523277,crutches
10409,7.553831665005878,-4.895296108932799,-0.413470286957269,crutches
10471,7.164063153066064,-6.372570020990635,-3.490887076179117,crutches
10534,6.097083781751183,-8.084770305277134,-4.051989535878574,crutches
10597,9.210399568396399,-3.780252231485485,-3.220377437381587,crutches
10659,6.647522758254725,-6.344921574882007,-0.933401070162156,crutches
10722,7.592175015094368,-4.849876266037598,-0.717459737735815,crutches
10784,10.217207852299552,-1.525112852093205,0.462124950663402,crutches
10847,11.558249768867976,0.524252360797216,2.313622609257065,crutches
10910,8.060955602682586,-7.036678186261824,-0.970863781456415,crutches
10972,8.603928117334902,-5.542428345518874,-0.589490343549516,crutches
11035,8.698984696934012,-3.124953551061299,0.027018775902118,crutches
11097,8.240619685731136,-6.701966495518882,-3.160502530306617,crutches
11160,8.668149645047075,-3.766350393926674,-2.194987667334782,crutches
11223,10.548094384434039,-5.450747577830138,1.370404142452841,crutches
11285,6.373781131308945,-4.613828895666254,0.733932965176913,crutches
11348,6.648498806603762,-5.151429723290103,0.764045379363220,crutches
11410,8.566956156692232,-5.459382012529466,1.166213587470534,crutches
11473,8.453750134433957,-5.341340050825507,2.027921148349026,crutches
11536,5.677965499705214,-8.263680742040075,0.429031773216406,crutches
11598,7.069107833431609,-8.384034850825440,0.848855913974025,crutches
11661,6.673990493425708,-6.661331132517690,0.580576311692216,crutches
11723,6.183856288207554,-5.498010642452768,0.797714462264185,crutches
11786,6.122081694575472,-6.067106962441032,1.961396049911553,crutches
11849,6.227472288738197,-7.501910919870225,1.159430706839634,crutches
11911,5.420985470961091,-6.554351012883273,0.340461441167471,crutches
11974,4.763344000000000,-7.015679931014079,1.391314568160458,crutches
12036,6.375499923850215,-8.986715774764155,1.405312352535353,crutches
12099,6.578665995341983,-9.336212045400933,0.727474648508233,crutches
12162,6.870430066627454,-5.810228186055564,2.138666576267750,crutches
12224,1.266032426509466,4.359383217924602,5.955918649764268,crutches
12287,6.126304545695477,-5.253218772110418,0.246738298717509,crutches
12349,6.212393640625000,-8.400480062500000,-0.417690200625000,crutches
12412,6.375776465212238,-7.417450408726402,0.381051697759505,crutches
12475,6.089228678360850,-7.452446113207555,0.134619678490565,crutches
12537,6.560323873083715,-7.589603292629820,-0.840695496196953,crutches
12600,6.679966520754718,-8.200187509551805,-1.074027469929212,crutches
12662,7.098195634080194,-5.467271588207444,0.165677721748239,crutches
12725,6.365592252358474,-7.013365700000000,-1.204904177830173,crutches
12788,8.358918906544796,-3.723166017305420,-0.820677031471092,crutches
12850,7.395523627948057,-4.498784451709973,-0.331982077682819,crutches
12913,8.834728011792469,-3.897743817099022,0.489759093325510,crutches
12975,6.387315589033148,-10.273965704009175,-3.757224582664777,crutches
13038,5.860785384492925,-7.726907530955186,-2.421141658284198,crutches
13101,9.202332329009678,-7.737526487028127,-2.699788865212545,crutches
13163,10.441430738207561,-2.613900194280637,0.048338545486456,crutches
13226,8.990624945754737,-4.792067500000000,1.033307364858489,crutches
13288,6.708373861055452,-8.919907873231105,-1.000033425176927,crutches
13351,7.339431294044569,-6.444678535966998,-1.547234267688899,crutches
13414,6.988859070459908,-5.806347047464592,-0.184595389354362,crutches
13476,8.113773814858492,-5.533972059433958,-0.755848306556609,crutches
13539,8.942376984817345,-6.298897728478720,-0.729348922452820,crutches
13601,7.842439937146225,-7.088787823702819,-0.518251296521225,crutches
13664,8.917013072720129,-8.759289456486181,-2.860825248624177,crutches
13727,5.544483318867908,-4.624061188679238,1.003973920754730,crutches
13789,6.650631671933953,-6.034828267659279,1.179330683953456,crutches
13852,6.542597556898586,-7.655498839327840,0.419722535849054,crutches
13914,5.969738500000000,-7.461066435436343,0.516504067895029,crutches
13977,6.433698285377362,-7.778351672327069,-0.473940730000000,crutches
14040,6.381444500000000,-7.004338736527097,-0.489417543116172,crutches
14102,8.172914357606091,-8.016702036556556,1.417684195872654,crutches
14165,6.717149789799525,-8.790394667452821,-0.512944658045388,crutches
14227,6.435572448349080,-7.663758058962253,-0.320070329834895,crutches
14290,6.058571328773584,-6.829848378862031,1.444177926562492,crutches
14353,5.272178523231152,-6.901863825471763,0.718967057305475,crutches
14415,5.445059803036555,-6.270800658726409,1.496902933785375,crutches
14478,6.404511544575470,-6.885418592099050,1.139338859551944,crutches
14540,5.428612035082546,-7.396348000000000,0.036313891341395,crutches
14603,6.138704617865558,-8.231678155070764,1.167164944103756,crutches
14666,6.277761605586671,-6.563690123231119,2.300474466170382,crutches
14728,2.286874800942089,-1.374220359432453,3.991598189623545,crutches
14791,8.172810685436309,-7.876179712558854,2.072494315300760,crutches
14853,5.610743058077830,-8.293449159492907,0.154158331613198,crutches
14916,7.008245137617951,-7.441770737853751,-0.064794818632062,crutches
14979,6.827158086084907,-7.160066365919811,-0.210256435719340,crutches
15041,6.768892533490543,-5.813234140330260,0.313595067953977,crutches
15104,5.649597422228769,-7.309092999764161,-0.473940730000000,crutches
15166,6.676395737912691,-8.024828681014238,0.034738832013658,crutches
15229,8.904973676886774,-4.581133423113165,-0.229134592712255,crutches
15292,7.491689695518936,-3.691470154540014,-0.403184408900338,crutches
15354,5.992269150058994,-8.127508867629862,-3.708657349764101,crutches
15417,7.687889290182705,-5.778552180218210,-4.123369573113298,crutches
15480,9.961212215802041,-3.547510189033000,-1.413275158608349,crutches
15542,8.387992539209899,-3.445114380601397,-2.173919235701719,crutches
15605,9.838865370872638,-6.270038650058911,0.031235872924518,crutches
15667,5.947896398437500,-8.371906015624999,-1.318446934375000,crutches
15730,9.012641679245185,-6.129615679245230,0.268358681886651,crutches
15793,11.588651109080203,-8.053055346550746,-1.459781677712268,crutches
15855,8.303266131191075,-3.128340781898688,-0.043542794721169,crutches
15918,4.653755718602601,-5.427056794251104,-1.036214743985831,crutches
15980,7.681270243337283,-5.217717803419813,0.166527341320744,crutches
16043,6.378387501002380,-7.180465956456254,-1.317207700029503,crutches
16106,7.776982022405637,-7.129406222523572,-0.576647093012969,crutches
16168,9.422561102299504,-4.476761736438823,1.499214647376163,crutches
16231,7.568690000000000,-6.598904355896241,1.339015788443393,crutches
16293,6.091133988797218,-7.893618061320789,1.768053252741754,crutches
16356,4.525882300117925,-7.896838952948115,1.226108276120283,crutches
16419,5.254570803508429,-6.623941783343348,0.808737080902104,crutches
16481,5.775740387382083,-7.142181542570750,0.498904597063690,crutches
16544,6.280934175265318,-7.858399422700430,1.323603939740607,crutches
16606,5.647923780365550,-7.301641029775817,1.257304642276059,crutches
16669,5.881806266804193,-6.552550145548526,1.052761336025930,crutches
16732,5.808145349056615,-7.689546424528383,0.031162483018844,crutches
16794,7.613031736350248,-8.212054432193446,-0.489558659814281,crutches
16857,6.302341397346687,-6.546018471226583,0.553455871939740,crutches
16919,7.122581022130448,-5.910940040251456,1.785170054834777,crutches
16982,6.556970736143890,-6.256653498820762,2.160672375884397,crutches
17045,6.723811464681651,-15.276262190742862,3.531437791804200,crutches
17107,6.953089939386733,-7.543731708667422,1.280557915801881,crutches
17170,6.625993718337082,-7.353383864623179,2.038692698467238,crutches
17232,6.967592723349054,-7.533169249528258,-0.187562029551751,crutches
17295,7.169047934817219,-4.868756979127336,1.906774228537741,crutches
17358,5.835846944870307,-6.762936411615510,-0.938199657830140,crutches
17420,6.904033512814268,-5.549285869300299,-0.941735572146207,crutches
17483,8.639832968750163,-6.191804775354266,-2.509325255778410,crutches
17545,8.491471791273543,-5.184602101415292,-0.373949800613574,crutches
17608,7.083486764563684,-4.010730335200470,-1.260409603242911,crutches
17671,9.514782653301634,-6.867917999646279,-1.688882439112765,crutches
17733,8.613897707547073,-6.945123990565527,0.159651277972181,crutches
17796,9.444298978773658,-5.113848365036003,1.384664405247358,crutches
17858,3.063091647228758,-5.573432831368077,-1.632146416450498,crutches
17921,6.794700336084939,-8.182447048938659,-0.926674654893788,crutches
17984,7.952948106368092,-5.550083750118188,-0.555730991627424,crutches
18046,7.959759632399611,-6.409315820017804,-0.830754003920880,crutches
18109,7.978702607193343,-5.313784896816010,-0.157980250000000,crutches
18171,7.645577164887924,-6.619250435849036,0.971371895398020,crutches
18234,8.444265662736910,-9.871281582546521,-2.710887752360133,crutches
18297,7.834611204009624,-7.267465210642349,-1.369026642157950,crutches
18359,7.190009457547284,-8.784975363207382,0.417825693195893,crutches
18422,5.788987640625008,-6.154782543956366,1.400711313001188,crutches
18484,5.855690410141501,-5.777569951886798,1.356493913207531,crutches
18547,7.755188089681651,-7.184686029245348,0.121824423048280,crutches
18610,7.074956445931593,-6.919347325471978,-0.536818950330200,crutches
18672,7.088703069015327,-7.028240910377333,0.214036015138576,crutches
18735,7.485138340566050,-8.020952568867918,0.725047134056635,crutches
18797,5.798364190595560,-7.688563924852807,0.254555730182819,crutches
18860,6.582956413915122,-7.019473778301926,1.286474312382079,crutches
18923,6.270555112765348,-5.279760299086195,1.251997906987068,crutches
18985,6.836834600000000,-6.012824106250000,1.100476018750000,crutches
19048,6.295273300000000,-7.054748776356162,-0.610544758632014,crutches
19110,16.109520123822417,-17.808692808965080,-1.485434322522654,crutches
19173,3.802108322170930,-5.711250762086702,0.302321248301508,crutches
19236,4.187312309433986,-7.872682518396314,0.031568952266534,crutches
19298,7.275141889150976,-8.802123138561280,1.141111404059616,crutches
19361,7.830370279599174,-8.707209998230846,0.669654685436477,crutches
19423,7.023702126739424,-6.566228891538597,0.625914298410909,crutches
19486,6.694672654481136,-5.789289718160479,0.289325589622679,crutches
19549,6.539232786704005,-4.380869694428044,-1.638686532871467,crutches
19611,5.352964049528309,-3.204937251828047,-3.460627772110872,crutches
19674,8.673267982016617,-2.259788219045512,-2.742569668631802,crutches
19736,8.069457532075630,-3.328785624528652,-1.136211228301845,crutches
19799,8.795012713296000,-6.688048010377349,-2.498421213974026,crutches
19862,9.182420615565976,-3.686115517688727,-1.001998115153323,crutches
19924,8.977767654334141,-5.806542022877653,1.404341273231747,crutches
19987,7.559958689937036,-9.969480745282524,-1.973277697327863,crutches
20049,6.567964875206351,-4.725243337706386,-1.713437060053028,crutches
20112,8.129728185534594,-4.924101678144662,-1.632357139622650,crutches
20175,7.746994937308405,-6.364646567143344,-2.888433529628494,crutches
20237,8.330771004716926,-4.991326791273695,-2.291052374528159,crutches
20300,8.911225845666237,-7.258163259640392,-1.668931709758238,crutches
20363,8.691120702830190,-3.895620993396215,0.124435408742925,crutches
20425,6.866481286762941,-5.293210683962295,-0.975786579307204,crutches
20488,6.797858885613302,-5.963426731132090,-1.282212091108220,crutches
20550,8.018781775943429,-5.487914117924348,1.069959973614307,crutches
20613,7.476337203685141,-6.779578927004721,0.498783224837849,crutches
20676,5.754022837558956,-7.156269625265365,0.222560541742334,crutches
20738,5.823771882075448,-7.542540916037798,-0.519916694103827,crutches
20801,6.982140711704118,-6.772361762381863,1.404485306132223,crutches
20863,6.888768307783074,-8.197058370283115,-0.193613868840481,crutches
20926,6.732976542865567,-7.540663471255897,0.684643169879130,crutches
20989,6.601185088797209,-6.820293295990698,1.622255717570807,crutches
21051,5.813279584389736,-6.013158390005917,0.619415074395653,crutches
21114,5.615931317806646,-8.059719176297257,0.308898131020003,crutches
21176,6.625048123968151,-5.302090592570792,0.753937343537723,crutches
21239,7.122524508254656,-8.148425584905551,0.905292747382094,crutches
21302,-2.771945383018871,-8.527032445165693,-0.541301404482000,crutches
21364,5.345822648880295,-8.416173913914884,3.039126987736527,crutches
21427,5.120586150678070,-10.015853547759608,-0.047271568999707,crutches
21489,6.176810879717004,-5.380857907547159,0.754403127169807,crutches
21552,6.885554285730932,-3.472449166362128,-0.123072049103905,crutches
21615,6.668277762129392,-8.556079720350366,-2.331647344070074,crutches
21677,8.863793336969517,-5.121136569840866,-1.127401740772555,crutches
21740,9.087928981132089,-7.984054958018920,-3.233627177358533,crutches
21802,8.473313678655551,-1.896533632340564,-1.849659961468287,crutches
21865,8.337387080188781,-8.146398510612871,-0.785503489711125,crutches
21928,7.646457890477476,-6.270682167305559,-2.109539336762452,crutches
21990,7.095539702594292,-6.596804550353583,-3.310449441155706,crutches
22053,7.656563232959920,-5.514627701120241,-0.681264438030656,crutches
22115,7.373525677672837,-4.696818590801417,-0.890471784119605,crutches
22178,7.883665477535398,-7.455610062646794,-0.951991302305361,crutches
22241,7.871327410613290,-4.857215452358532,-0.806159917641352,crutches
22303,7.233131695312500,-7.728016728125001,-0.097540832687500,crutches
22366,7.803961169811323,-7.148871444339640,-0.815045687853872,crutches
22428,8.631606999410668,-6.252258710436467,1.053644854805271,crutches
22491,6.616868036320668,-5.775661727830437,0.555008371391431,crutches
22554,6.369862951562524,-8.946419142099010,0.882437431503599,crutches
22616,5.049412061910407,-8.033276608195735,1.499632456132093,crutches
22679,4.705314954009390,-8.193647682783009,0.498311828298920,crutches
22741,5.559477660377229,-8.578895962264189,-0.188871760377355,crutches
22804,6.642312107606135,-7.697437227152116,0.207776702949577,crutches
22867,5.820790830424533,-8.813360011006301,-0.375342332272021,crutches
22929,5.690676283549565,-6.098294856102613,1.867696975029511,crutches
22992,5.532086205660333,-6.700679466745292,1.295614190094153,crutches
23054,5.543004467098988,-8.532968469929120,-0.603499307688835,crutches
23117,6.912629204658021,-7.964961656544798,1.879775193926903,crutches
23180,6.125621505454011,-7.234218426975215,1.465181589563693,crutches
23242,6.018469264622662,-7.741032000000000,0.231099175731125,crutches
23305,9.649485471784505,-3.512528601414671,4.715693845694306,crutches
23367,5.050648443159994,-6.685527137145900,1.243925121073376,crutches
23430,3.883006469457561,-7.241455686350203,-2.058857918189861,crutches
23493,3.832816287264290,-8.688010176886708,3.416853378891614,crutches
23555,5.676424549970794,-2.976748484670530,-1.091674870607533,crutches
23618,8.617573093160576,-4.551811682606060,-0.692224925710200,crutches
23680,10.586579383254696,-1.471840234227585,2.164127192659193,crutches
23743,8.543127509434157,-1.026555444339579,0.578177012075378,crutches
23806,8.087695009522781,-8.277207000000001,1.987901197612142,crutches
23868,6.579134261674415,-8.647267950175818,-4.179837593749716,crutches
23931,8.547615029923335,-4.069041354215774,-4.187204863030540,crutches
23993,4.956054154481120,-7.442358025589710,-2.178675357429264,crutches
24056,7.904474430395085,-6.314702237382008,-0.380580301933888,crutches
24119,6.529511139327695,-6.801844623231419,-3.276396503537857,crutches
24181,9.087553642983456,-5.131083789652166,-2.533786618484782,crutches
24244,8.081448608490565,-7.110646691037733,-0.433158533962259,crutches
24306,7.428870984994133,-5.833371820459904,0.572638887505952,crutches
24369,8.114440000000000,-6.864259727594359,-1.532770849822934,crutches
24432,7.618245311910367,-5.955537602712293,-0.973920798673336,crutches
24494,9.066058688679238,-4.836688910495314,1.866011897995264,crutches
24557,5.951503777564832,-7.576551406544847,0.124243468001158,crutches
24619,5.857356177181594,-8.592377643867989,2.380226648643789,crutches
24682,5.776432324292463,-8.120867394192089,1.925977023761848,crutches
24745,6.870018268396241,-8.213031103773584,1.685529117452852,crutches
24807,5.349703569722868,-7.515030965123822,1.144264479481130,crutches
24870,5.403382763856216,-7.623822747700378,0.503968488685164,crutches
24932,6.625604267924532,-6.343129414239378,1.780825959669790,crutches
24995,7.061718149056605,-6.703185830424565,0.811449683372647,crutches
25058,6.084613341096699,-6.109673415389139,0.812793253192814,crutches
25120,5.393492063679268,-7.159366086969415,1.778638307900893,crutches
25183,7.011581571933991,-6.494822550314413,2.882567376336545,crutches
25246,7.140070238206246,-5.423198297639964,-0.752664323372826,crutches
25308,0.198217670893029,-3.277615967865326,-2.419558121551202,crutches
25371,5.161083327830243,-7.789701035672110,0.970931591998789,crutches
25433,7.126408590743059,-12.780262267099099,-0.496152466760004,crutches
25496,7.887134377948065,-4.294924099056741,3.275561119339693,crutches
25559,7.970177948732335,-3.112034313472954,-0.925212496992966,crutches
25621,5.599621718750000,-15.199315062500000,3.410937159375000,crutches
25684,12.314436832842055,2.027624863236734,-0.362249764720053,crutches
25746,9.085384157232882,-7.922166094339754,-1.126395848175932,crutches
25809,10.100658814563628,2.549054545843303,-0.255842871582550,crutches
25872,9.044984506485692,-5.955291815448114,1.400381107676816,crutches
25934,6.004401126179199,-7.479820425943370,-3.441772131131991,crutches
25997,10.240319529481004,-2.303009217452702,-6.467581755778224,crutches
26059,10.294998909198181,-7.854238876090694,1.210800782518054,crutches
26122,8.692311941627249,-2.035102172877092,-1.907556169988160,crutches
26185,9.230070609080183,-4.966761042570768,-0.881054306485843,crutches
26247,9.413237957547178,-3.747537064386848,-3.017883437264132,crutches
26310,8.060262830188691,-3.309695837043100,-1.435038070931577,crutches
26372,9.652912969339669,-6.726743997641789,0.439086180188704,crutches
26435,8.849309685731122,-3.198606118012969,0.352898186350217,crutches
26498,7.262891417099063,-6.623269945754838,1.108650615801915,crutches
26560,5.893300147995200,-6.132585102004676,1.966578564622605,crutches
26623,5.948048962853886,-5.197371665388986,1.211514971934084,crutches
26685,7.287519868710810,-5.647910529874002,2.040660981800434,crutches
26748,8.335602962264176,-8.243245150943354,0.653283067924519,crutches
26811,8.316558578419757,-7.144905649970411,1.517937603331444,crutches
26873,7.489666006427027,-6.847385857664696,-0.944974153891596,crutches
26936,8.080689122641425,-7.883428243071808,1.878462648290310,crutches
26998,8.273379729952824,-7.171661727594348,0.958415765330182,crutches
27061,7.610943430256341,-7.952748218548026,1.355247145834109,crutches
27124,6.949160439446326,-5.598904713384827,1.228660067865536,crutches
27186,7.025909515389163,-6.460996026090900,1.401354964386778,crutches
27249,6.467028313679239,-7.315776937735841,0.875485167216975,crutches
27311,6.391019000000000,-7.590881944722903,1.664675052682732,crutches
27374,6.853115948348991,-8.320135304834988,1.037355048290245,crutches
27437,6.805611991627263,-7.105324947601909,0.155108634716976,crutches
27499,7.824487759433952,-5.341983674705035,-0.754199847099002,crutches
27562,6.736103988738207,-4.333216902299495,0.142616354129719,crutches
27624,6.543387771167414,-5.353043080777946,-0.919767493514006,crutches
27687,8.332925261202927,-8.015738753891394,-0.754866010454285,crutches
27750,10.260165018868133,-3.094359532704679,0.302261038364619,crutches
27812,7.508222241008182,-3.325748485554253,-3.059072000000000,crutches
27875,6.390161011497673,-6.968541208549534,-1.717346429186368,crutches
27937,9.828286000000000,-8.750735383255472,-3.601606957989443,crutches
28000,9.652082824292544,-0.955931788112935,0.801925905920174,crutches
28063,8.828709855837072,-3.921801388089559,-2.311886535937537,crutches
28125,8.709418139150930,-6.149713122169784,-2.558869046226414,crutches
28188,8.463260263364841,-6.160777925314702,-4.025594582547436,crutches
28250,9.423842481132116,-2.531839018396209,-0.283289566216952,crutches
28313,7.653912192216502,-4.752826447346409,-3.777641260731466,crutches
28376,9.427362887971693,-3.327995264327810,-1.360253728832546,crutches
28438,8.726530177279733,-3.501658293710711,-3.119729848034523,crutches
28501,10.022363062499917,-7.920656743513836,-1.548820628891856,crutches
28563,7.847876600294849,-4.803674228419862,1.019690600000000,crutches
28626,6.046938857900948,-6.486076187205218,-0.161085197547163,crutches
28689,5.554749453714653,-6.481774326415061,-0.394956303775021,crutches
28751,7.522126903301767,-10.265193245283037,-3.125055275472182,crutches
28814,10.137203694575792,-2.925694382370457,-2.905879000000000,crutches
28876,8.346900106721606,-4.045980072877029,0.623667445901953,crutches
28939,7.061537698437499,-9.942133734375000,1.870779289062500,crutches
29002,3.818273772051877,-7.263963845165270,-0.023936402000000,crutches
29064,3.249789703301839,-6.884735738502692,0.030804007314102,crutches
29127,7.321523965153296,-6.809990556957494,0.311884518472905,crutches
29189,7.015953864976417,-6.586916500265356,1.233949731751165,crutches
29252,5.710344523584923,-4.430040764386682,-0.655541266745327,crutches
29315,7.796774668366733,-4.867088641362121,2.380198548289926,crutches
29377,7.687541944751958,-6.534575456721731,3.879334121757054,crutches
29440,9.690516589620762,-4.418289790533676,-14.007508282430695,crutches
29502,4.446999553773682,-1.815496984433951,0.759100070106245,crutches
29565,7.106302660053101,-7.287682988030819,2.275081528920976,crutches
29628,7.088669200943524,-5.221003347876170,1.007739388155178,crutches
29690,6.534935228257326,-1.918025511644931,0.772722377602146,crutches
29753,6.072951042138389,-10.452077792452700,-8.454548113207576,crutches
29815,10.410101393278218,-2.154575355011636,1.228685387529089,crutches
29878,10.231490490860965,-10.536707506486239,-0.514847139828740,crutches
29941,10.378550111438116,-4.676913026620240,-4.535572584345811,crutches
30003,5.784412029481176,-2.743427726297144,-6.342931977593999,crutches
30066,7.894120543012983,-8.614205213738307,0.095734318676268,crutches
30129,7.229724638502446,-5.650373767040223,0.454114179687437,crutches
30191,13.080068836674727,0.044711400607574,1.915214136119219,crutches
30254,5.760408002358623,-8.541253153302149,-0.440203958820716,crutches
30316,2.941747016362030,-4.757605283579003,-0.875135159162739,crutches
30379,4.961434629245231,-4.397178944929117,-2.012046508608408,crutches
30442,8.655817429540122,-7.581925696845447,-3.948202067953926,crutches
30504,7.861933415094328,-7.999093683018686,-5.579123280660405,crutches
30567,6.058277999705176,-7.787804091067219,-3.669642149380900,crutches
30629,7.346962153007032,-5.032634166214620,-3.347556491745256,crutches
30692,10.687111947818495,-0.966068006633524,-3.940772721226445,crutches
30755,8.611232867924373,-5.399419745282845,-1.678167505660268,crutches
30817,8.691053314858415,-3.868853549174389,-1.304514101179290,crutches
30880,9.427588916863206,-4.453102025766517,0.824902570837250,crutches
30942,11.933587589621432,1.899436166076885,6.672546479638453,crutches
31005,9.344398873231606,-4.705772030659885,0.100532880000000,crutches
31068,9.263266618808967,-4.888055754775938,-1.043694824528197,crutches
31130,10.391587324882058,-8.362683772995352,1.013621916739344,crutches
31193,6.357395191981122,-5.006431062293588,-2.543400753125126,crutches
31255,10.574153299528730,-2.481820945755371,0.189210471840086,crutches
31318,6.496858739346794,-2.874174689976305,-1.824104280322806,crutches
31381,10.624804090801870,-3.075658207723988,-2.950641274528286,crutches
31443,10.148127630306661,-8.025737313237101,5.892365890624989,crutches
31506,10.950610163914883,-3.960266215211774,-1.554387017098813,crutches
31568,9.687295144163006,-4.788603992276460,1.282855579657950,crutches
31631,9.245863306603479,-5.807700855817460,-0.635842641077544,crutches
31694,9.446071728183977,-3.433281523584939,-1.785680958048362,crutches
31756,9.536985254716846,-2.278338850471545,-0.881898309433888,crutches
31819,9.126489962558743,-3.597115989769852,-2.142172335170644,crutches
31881,8.926171859669896,-5.217051431014300,-0.644284355837458,crutches
31944,9.067701497936254,-7.220819268573128,-0.266749734283648,crutches
32007,11.144726099056649,-3.197987761556669,0.603694113207531,crutches
32069,8.572734675117866,-7.393045253861877,-2.927963695076785,crutches
32132,6.395862893455054,-4.536032654127157,0.082947535265295,crutches
32194,4.131055911114422,-3.265842373820666,-1.162693699380853,crutches
32257,7.717095825000000,-5.689682687500000,0.673809687500000,crutches
32320,19.542351480542440,-19.237866750294717,10.438509685582842,crutches
32382,6.356604821935410,-8.288221724056696,-2.263389941215004,crutches
32445,6.758886000589843,-7.345147051592157,-0.563058658520036,crutches
32507,9.530515700471721,-5.249038243042452,4.794641966627369,crutches
32570,9.702002131338332,-5.734120123525949,1.683067700206469,crutches
32633,4.641138409787464,-5.425094898584918,-1.648388231839613,crutches
32695,7.656080464327888,-4.432476646992870,-3.221969472405610,crutches
32758,8.866554933962320,-4.294551537735869,-1.441693975471737,crutches
32820,12.295017087558865,-7.264471787971677,0.317143212897942,crutches
32883,9.033871759728717,-6.929370568249057,-2.708358653832501,crutches
32946,8.033942198319128,-10.376327671132557,-2.154598009861101,crutches
33008,8.023470309786696,-7.224231395520700,-0.113517254270007,crutches
33071,8.400042589917829,-1.334016873260990,-4.965959146079460,crutches
33133,8.522640218749835,-4.636559838148021,-3.248248633372078,crutches
33196,10.776110642394142,-4.087620166715707,-0.002464202890283,crutches
33259,9.917257804245349,-4.753746561320732,-0.538320616250095,crutches
33321,9.987734922759572,-6.454521129540380,-2.889205494251354,crutches
33384,7.981191987205172,-3.103269652004674,-1.688566333254689,crutches
33446,9.210795019457443,-4.981130990271279,-1.672028156456444,crutches
33509,8.515917278301950,-5.691590712735964,-1.217945009315978,crutches
33572,7.906057714033229,-3.587151991185168,-2.664177931455816,crutches
33634,8.650615999999999,-5.885582544575583,-0.295823440784002,crutches
33697,8.289259895047318,-6.148967680159283,-0.084096370126736,crutches
33759,8.305389047169781,-5.780144245283122,-0.370065787264230,crutches
33822,8.449789307783128,-7.417820008431719,-0.095725850091323,crutches
33885,6.168845216568378,-7.987565767570761,0.507829959445766,crutches
33947,4.640409918042484,-0.696512559271705,1.231561656114265,crutches
34010,4.285439909316390,-7.317933741036651,-2.589749122405279,crutches
34072,9.905941429247019,-4.876141133549591,-2.708770855394873,crutches
34135,9.111029854954134,-1.722173274825143,1.134811248760699,crutches
34198,9.824859548053270,-4.984142928359558,-3.385191328359559,crutches
34260,10.125526844340234,-4.293512937972054,-1.739634442688824,crutches
34323,9.543613102888470,-3.266641353212266,-2.243888079068153,crutches
34385,10.115071369693354,-1.622238781544751,-3.134624104952733,crutches
34448,9.955231317511723,-6.695059517983335,-2.662179555866787,crutches
34511,7.706358348231150,-3.825906307782946,-5.660439289150867,crutches
34573,8.283931198614052,-2.366147088383685,-3.236187364416934,crutches
34636,8.504002898753345,-3.996556384433965,-0.927464567823507,crutches
34699,9.435729000000000,-2.790792457163424,-2.523052047877756,crutches
34761,10.040190981131900,-1.635172313207381,-1.768493552829775,crutches
34824,9.740444530365744,-4.782871134728349,-2.634186794812539,crutches
34886,9.279635038620480,-1.689317141332475,-1.942557434610682,crutches
34949,10.742673480247721,-3.354776905748913,0.092375310922801,crutches
35012,10.205386155660412,-4.439683084433990,2.283397236438681,crutches
35074,4.065434222140293,-4.923128158903376,-1.672248393101516,crutches
35137,4.302743128891766,-5.661653279481186,0.249401500943432,crutches
35199,7.116455528272477,-7.202234485229680,-1.010903641921992,crutches
35262,7.832284129009385,-8.640882771226602,-0.283736666038002,crutches
35325,7.386384067334952,-6.916516029540229,-0.234252120869733,crutches
35387,7.732168776061261,-6.518333793160141,-0.710832081013879,crutches
35450,7.433533885053074,-5.990120954952889,0.486417014543090,crutches
35512,7.105531774056598,-4.977981060377354,1.988392292570715,crutches
35575,6.900265939062500,-8.359638234375000,0.751303810625000,crutches
35638,6.803972928596723,-7.418088527004771,0.205757068584904,crutches
35700,7.141044049882458,-5.128342861144172,3.165936172494052,crutches
35763,7.607078820279837,-6.070813074996581,1.863426243396238,crutches
35825,11.109716093163728,-11.580456920848137,1.043596105101585,crutches
35888,5.731582659493023,-7.070203059786592,1.242750883431367,crutches
35951,6.450069842571795,-8.126724764151195,-2.465629932427479,crutches
36013,7.487464371226436,-8.344929350235727,-0.222597247523364,crutches
36076,6.619097820990609,-7.694172760731098,0.438561158240032,crutches
36138,8.847780078419870,-8.703049756427006,-4.914837553066127,crutches
36201,6.406953122228638,-8.363781986438511,-2.857721305395275,crutches
36264,7.192391725472469,-7.054554113204918,-3.259505621698166,crutches
36326,10.067014895343489,-1.654812608903280,-2.497656211202137,crutches
36389,12.080289334906276,-4.609258590624945,-0.970112997818488,crutches
36451,9.202797493367129,-4.999747235790940,3.421606901945494,crutches
36514,9.332667529481343,-4.339793827831203,-2.320600238207321,crutches
36577,7.918226587234627,-7.578157458372227,-1.947720248938900,crutches
36639,7.988565179245305,-4.862493543691118,0.864736344876127,crutches
36702,8.493391904775930,-4.284113505100203,-3.432025427859690,crutches
36764,8.909309207547075,-4.762801758490571,-2.704632624528257,crutches
36827,7.947462168409321,-6.292148581774001,-1.687939030647150,crutches
36890,8.540536863207619,-5.221274106132312,-1.069268374881984,crutches
36952,8.253672069280713,-4.883237624705521,-1.262639526149610,crutches
37015,7.979357501651069,-5.450058976415126,-0.957783485943260,crutches
37077,8.212819414504722,-4.913657655542393,-0.266648126022966,crutches
37140,8.274779565153318,-6.083306618809030,-1.509184392040097,crutches
37203,8.802538798054231,-7.179412943691044,-0.754247853767688,crutches
37265,7.005642489150913,-5.554893330188704,0.318399314481108,crutches
37328,8.747859683225157,-6.917120387234696,0.777052388030495,crutches
37390,5.990140765919886,-6.294020025353699,0.825292090660490,crutches
37453,4.910369399469392,-6.995743590772311,-0.237983722659251,crutches
37516,6.186588905660190,-7.067730478655464,-0.885929070047161,crutches
37578,7.271878700000000,-7.500078989504513,-0.102079717116666,crutches
37641,6.388992517217051,-7.318204484375009,0.230229797818479,crutches
37703,7.210547041863292,-5.957702321757180,1.977776224204054,crutches
37766,6.835242696226413,-5.503114113207546,1.172522318490581,crutches
37829,7.731457700000000,-6.710426294369118,0.501097857455772,crutches
37891,9.101263035672215,-6.252509521167475,0.960967446049535,crutches
37954,7.544714198997609,-6.560064136261708,0.244230325283082,crutches
38016,7.523651114740544,-6.133092845165065,0.442970207464615,crutches
38079,6.237882584906409,-3.881468259902594,-1.631344764152771,crutches
38142,7.929406920228614,-11.182668853480001,-1.930668271049651,crutches
38204,10.027596545105851,-6.300266903597104,3.039519290448212,crutches
38267,6.933054213443453,-6.088426757075434,0.057300580188713,crutches
38329,6.856505969339620,-6.090151393543641,1.645983254982282,crutches
38392,7.381410347110871,-12.094143794221763,1.287693730424573,crutches
38455,6.954272550442409,-6.035667833108153,0.457746990831466,crutches
38517,8.431608077830338,-7.514505672170174,-2.082839571108139,crutches
38580,8.319880594781795,1.278477631752351,-3.299302750943403,crutches
38642,6.837512066567623,-3.223640512323058,-1.194155463766995,crutches
38705,8.042441632842472,-1.945532566793967,-0.781675953844730,crutches
38768,7.938665620754634,-4.994939547170119,-1.171799767547529,crutches
38830,10.143125837559158,-3.102058782724082,-1.101040518631989,crutches
38893,5.984698609375000,-2.227282065625000,-1.849685350000000,crutches
38955,7.665118644427865,-7.680816008637986,-2.146036661969554,crutches
39018,8.173275826650947,-6.126138053419385,1.056532438443637,crutches
39081,8.997820680130042,-2.450624554540023,-1.450444315035117,crutches
39143,8.518626404481100,-4.378656508549481,-2.491897992925041,crutches
39206,8.884119788030631,-5.663745024764128,-0.801228696609753,crutches
39268,8.559589005896209,-5.174282278065848,-0.732995821297304,crutches
39331,8.813546714917489,-8.815739832842079,-2.159963877859869,crutches
39394,7.666439653302056,-7.210479410082527,-0.974375207900892,crutches
39456,9.499450873231128,-8.223384633107328,1.456417146403291,crutches
39519,6.529838959316026,-5.559906473349016,1.448649115212282,crutches
39582,5.041102777796545,-6.352522305441274,0.684542388830843,crutches
39644,6.663752843750144,-6.570033924528290,-0.693862060377234,crutches
39707,7.094853758608444,-6.974231824587632,0.318749309436947,crutches
39769,7.590488796226048,-6.533613581760939,0.970974886163917,crutches
39832,8.399195570459995,-6.202491478626316,0.824569510288884,crutches
39895,7.774108455365602,-5.671425128302012,-0.434694056603852,crutches
39957,5.823850691627258,-3.662720917806646,1.765363211084939,crutches
40020,6.242692563089581,-8.926708067216968,1.400019772641506,crutches
40082,6.996999568130849,-8.615972755896220,-0.390719387608867,crutches
40145,6.654291201650976,-7.304017867570759,1.316615000412607,crutches
40208,6.651149658844267,-6.824696965890594,0.609808046591705,crutches
40270,7.504987410375149,-3.246092208486325,-3.051981546002117,crutches
40333,9.800993710199279,-6.381215726856255,3.417237264651957,crutches
40395,7.020428107075743,-6.660438882075610,-0.949275879021123,crutches
40458,6.418591280218137,-5.575943561821995,1.559974580571859,crutches
40521,6.863051640212166,-7.940573432900749,0.140423117175762,crutches
40583,11.162444283166089,-8.909007004422051,-7.024941233372664,crutches
40646,7.859206814150793,-0.114211634958771,-1.219576607370588,crutches
40708,8.460371395932048,-4.851964853774078,1.400499618219172,crutches
40771,6.166287658492305,-4.113357615095444,-1.598319288679577,crutches
40834,12.094958532232248,0.098632280178242,-6.391041816706590,crutches
40896,7.977474573407851,-5.432837740654504,1.050610400147596,crutches
40959,9.800025342276292,-4.161597541981086,-4.834427665978797,crutches
41021,9.021652024764210,-3.915453278301613,-5.580456012028328,crutches
41084,7.776710794221676,-7.917312050707531,2.361306205837283,crutches
41147,8.809454307782987,-4.571135408018843,-0.168429852122514,crutches
41209,8.958521807782827,-5.396412569182079,-3.274119642138413,crutches
41272,8.185842785377433,-3.325872657547217,-2.474549672877258,crutches
41334,7.747552400943237,-6.230532280070466,-0.621025401697795,crutches
41397,8.266469538324897,-4.629012045755251,-1.782115870577838,crutches
41460,7.916741608696903,-7.743671278743635,3.374504717217075,crutches
41522,6.520535198938735,-6.578953697523375,0.107126683915402,crutches
41585,5.469117744889946,-5.424808931996959,-0.933519660000000,crutches
41647,5.463353580778301,-6.793161879658013,-0.494179422275930,crutches
41710,7.446653705925704,-6.285382733785403,0.149464198254728,crutches
41773,7.839939153301938,-6.606175654245355,-0.022129880627330,crutches
41835,8.100659720223979,-6.046628372199069,0.048345603611352,crutches
41898,7.230018054421981,-6.679966561320520,0.205853040000000,crutches
41960,8.176440206073105,-6.733961384021329,0.003248909424905,crutches
42023,8.035291654952912,-7.582317908844097,0.108605769622801,crutches
42086,7.657511626474053,-5.194035172641438,-0.341788118024662,crutches
42148,8.111956694575520,-5.148482849646246,0.712683759139163,crutches
42211,7.319901140625000,-5.094713421874999,-0.905394388437500,crutches
42273,10.051119941039289,-3.133162087571336,-3.156737184906013,crutches
42336,14.161345326651219,-14.447967122641950,0.041530225772149,crutches
42399,6.784800882075301,-7.951531149174132,-0.831586705241814,crutches
42461,8.486058149469702,-5.178135023968294,0.686051723573153,crutches
42524,7.381207060259442,-6.068374496462144,0.595519603537857,crutches
42586,7.269812536851348,-5.852932469368964,1.628019592659209,crutches
42649,7.290440691568425,-6.808189853243126,1.129995782900875,crutches
42712,8.126083442806557,-4.980685520931594,0.778407251698074,crutches
42774,7.727121811320762,-4.759008228301894,0.206033711226408,crutches
42837,7.607724924823102,-6.010244057930540,0.322514783113240,crutches
42899,6.408485732252264,-1.981363752771316,-0.526030636886882,crutches
42962,8.867968088442510,-6.715123071402859,-2.848911593483983,crutches
43025,8.578466956368311,-7.492330521462383,-0.603084381721827,crutches
43087,9.412575099646697,-0.885158472346980,-0.454122654643098,crutches
43150,11.273316341981706,-6.268565279716640,-0.724313256998453,crutches
43212,11.771702075913907,-4.023874129127363,0.051065256011298,crutches
43275,10.855519264150615,-5.581675274763747,-3.659265948113388,crutches
43338,5.282083227948182,2.218658780512761,-5.075491029186447,crutches
43400,7.352127926768818,-8.792409649764148,-1.583658294634626,crutches
43463,9.692682051297073,-3.775775304924251,-1.751673144634899,crutches
43525,8.758622699292230,-4.518955694811341,-1.002754538089439,crutches
43588,7.619924979304130,-6.180751187884000,-2.402548471167488,crutches
43651,7.727906511350215,-8.504586025058762,-1.209248367393940,crutches
43713,7.268643896521197,-4.346915199587308,-1.010655230159203,crutches
43776,6.725767343396102,-7.602471871697971,0.013819883773555,crutches
43838,7.195905814298362,-7.424495871609659,1.201223414239379,crutches
43901,5.747107224056616,-6.555209174056555,-0.718046841155684,crutches
43964,6.796695957163939,-6.400681075943429,-0.162411863041303,crutches
44026,6.975936822051902,-6.423502631014324,0.412157742311084,crutches
44089,7.781199108195769,-6.392771817718208,0.576813668794380,crutches
44151,8.133385515919709,-7.551850020047127,0.057616724831453,crutches
44214,7.367516867718095,-6.513230191302855,-0.446185253228191,crutches
44277,8.116246268867814,-6.392961097877386,0.148428265518891,crutches
44339,8.156587823407987,-5.641349629716952,0.631895615801926,crutches
44402,8.378547632665105,-5.939281781249985,0.657392932600267,crutches
44465,7.621025741067187,-5.318188642983446,1.038613984846677,crutches
44527,-0.006451860012133,-2.545374956199468,1.821076301819163,crutches
44590,3.308010600000000,-4.748787407872183,1.858311492659556,crutches
44652,8.412544376473919,-7.117884207252605,0.602322274646667,crutches
44715,7.849318895754495,-7.810780274822537,0.027727272104371,crutches
44778,6.880631328301706,-5.257066062735100,0.806340618538110,crutches
44840,7.752094109758250,-7.172508599203993,0.780597681220656,crutches
44903,8.127729635023590,-6.018029046285437,0.585250657016576,crutches
44965,8.010395803950464,-4.911557573702827,0.328117818407998,crutches
45028,7.541975830778259,-5.460141205188584,0.823084772040109,crutches
45091,6.823276961114340,-0.248238549099091,0.222196422612122,crutches
45153,5.864937664505142,0.278864736881411,-3.111862149056710,crutches
45216,7.580870014947319,-7.302979151385326,-3.027071257516593,crutches
45278,10.556946139149586,0.477553800119376,-0.710707875612269,crutches
45341,9.300017250588066,-5.463494715652281,2.210063735790023,crutches
45404,7.331951224055803,1.009472527653326,-2.323439931426828,crutches
45466,8.633388135613325,0.656232813186688,-2.038664465615852,crutches
45529,9.722966125000001,-5.662754218750000,0.715698418750000,crutches
45591,9.889738726709924,-7.902351289711347,-3.024282342187360,crutches
45654,8.960671018868407,0.680979340141202,1.700376455070810,crutches
45717,10.187140765035164,-2.327947607812352,-2.069157981721538,crutches
45779,9.078760566038040,-3.857193073585337,-1.969017292453188,crutches
45842,8.878366978773206,-1.901063984080355,-0.152687706883822,crutches
45904,9.388861654481232,-5.514726512971570,-0.682712454421930,crutches
45967,10.942198241745212,-7.493948237529058,-2.563444658195578,crutches
46030,6.539138706132248,-2.815297193710611,0.573419836226503,crutches
46092,9.339935680424526,-5.599409900383253,-0.473508878581949,crutches
46155,5.944481239976411,-6.385735014209888,-1.138706525471629,crutches
46217,5.319831352594322,-5.980029765919872,0.143259928537706,crutches
46280,6.433562558254792,-6.740829340802006,-0.934919676179383,crutches
46343,8.130204617482248,-6.947545814121407,0.236758677930544,crutches
46405,7.890939410966995,-6.905273348349238,-0.390773037323142,crutches
46468,8.939128025059025,-5.741439236954515,-0.775220416179229,crutches
46530,7.890307048349158,-5.719760973938667,0.187516860725367,crutches
46593,8.344230000000000,-4.687873683372636,1.885231478655683,crutches
46656,8.099925164504709,-6.691539438089612,0.363991359599043,crutches
46718,8.074970254127319,-5.792408828124939,1.041651264917547,crutches
46781,8.112452745283921,-10.150614505663206,-0.712446672172107,crutches
46843,8.239381171874848,-7.963118478773119,0.732453900000000,crutches
46906,7.224276653183821,-6.178154412028213,0.556775391980999,crutches
46969,7.231912134345374,-6.026011768219119,0.204740916208630,crutches
47031,7.859720471108175,-5.775085934433529,0.260556759481472,crutches
47094,7.912180204628458,-1.670760800000000,0.442202448490578,crutches
47156,8.587636044221670,-5.733930846403320,-0.412603720619156,crutches
47219,6.590264062205176,-9.697576219339469,-0.894256068971039,crutches
47282,7.980328304245162,-5.044212992924415,1.595090101886778,crutches
47344,8.894278443100809,-4.247694909934629,-1.821322956898604,crutches
47407,12.541527821344939,-5.577661077242823,-5.211055810732333,crutches
47469,9.619709110555210,0.159535524025115,-0.325659252953770,crutches
47532,7.840007235849385,-5.731729302595023,0.573457457405148,crutches
47595,9.538938074292618,-2.710656316244021,-2.039624119192281,crutches
47657,10.671592768867324,-0.802179950518618,-2.891336548761330,crutches
47720,10.496377398879559,-10.026105802770994,1.267556578301926,crutches
47782,7.807331603396187,-5.827204011320744,-3.415679266415118,crutches
47845,9.459694056456440,-3.417087841332695,1.264694448791227,crutches
47908,8.347430927476463,-4.684585263443223,-1.123232509846672,crutches
47970,9.001953129422350,-3.138005889887827,-0.157441114584468,crutches
48033,8.879851550707507,-5.077091614386628,-1.853298446815800,crutches
48095,8.165655396904681,-4.376183972936071,-1.329017861604236,crutches
48158,7.003203969575779,-6.696467880895602,-2.376331433018740,crutches
48221,9.937767076650976,-7.739191821020001,1.729221471196899,crutches
48283,7.091384729245287,-6.028902022405667,2.232317819575481,crutches
48346,4.159426913885598,-4.877846332105010,0.607024885598447,crutches
48408,5.299372518042460,-6.087862303242765,0.379516153225171,crutches
48471,7.442843143573069,-6.570954110407164,0.095728668332764,crutches
48534,8.805411189858173,-6.470122149292498,1.407234601415004,crutches
48596,7.711515390595543,-10.490875584611267,-0.101740996041410,crutches
48659,8.512631241155530,-3.728929908254906,2.977202857547111,crutches
48721,7.386603987087248,-5.717940257075428,1.390069795047111,crutches
48784,6.399419312735837,-6.004559079245328,1.375349459433960,crutches
48847,6.758293185937500,-5.637471210937500,1.403271542187500,crutches
48909,8.282350755306574,-7.490021612559055,0.818924140801782,crutches
48972,7.303882251915966,-5.064835305866122,0.117672249769637,crutches
49034,-3.131807067098572,2.668208575720960,-2.445193775710635,crutches
49097,7.592245676709191,-4.405336593455341,-0.867409468443310,crutches
49160,9.025903398585140,-7.869656473759616,0.312714427997784,crutches
49222,10.234127595813042,-5.223896493809314,5.538914246315199,crutches
49285,9.404114827830449,-1.032787979245876,0.830389926415149,crutches
49348,9.637921252948018,-10.150936213738449,2.836624453213629,crutches
49410,12.543995162735854,2.746944673172182,0.119422316252355,crutches
49473,9.188947208873701,-4.973775408903150,2.130644526445008,crutches
49535,10.713741660377337,-1.016788933078253,-5.449878067924533,crutches
49598,6.697639311999926,2.119861852180405,-0.212102516923581,crutches
49661,9.532349759434672,-8.284687846697626,-2.352016732310189,crutches
49723,9.084583201945298,-0.218106344997016,3.787607974350577,crutches
49786,7.672113455188837,-7.299879605189058,-0.117062548774121,crutches
49848,7.390047915448140,-5.553866365861046,0.372465081981086,crutches
49911,9.954319546580153,-2.895147163325434,1.075625033077857,crutches
49974,9.904800151090802,-0.345624125244663,-2.295972327299551,crutches
50036,9.940087374999880,-3.181825254834969,-2.826855016391423,crutches
50099,8.273602859374895,-6.830062879260166,-1.240072197435220,crutches
50161,8.947048742334912,-6.628610771757272,0.582924759510383,crutches
50224,10.315544445164544,-3.528214264799848,1.587268514887430,crutches
50287,7.721951023584609,-6.478409541981643,-0.206462750519123,crutches
50349,5.918876357665119,-6.590871111379569,0.176401114295312,crutches
50412,5.417456745872615,-6.252142943337287,0.229298309366099,crutches
50474,7.088279614799469,-6.591827849528253,0.447475239415926,crutches
50537,5.609864290880449,-6.499485716981086,0.058772145705977,crutches
50600,7.956855044988314,-7.653348199469505,-2.251497984374932,crutches
50662,8.449775647995164,-5.873936546580218,0.266698943856024,crutches
50725,8.168858274027116,-4.015452609286467,0.314591492827096,crutches
50787,8.717953155660386,-6.963279719339563,1.460120400000000,crutches
50850,8.361690425117992,-5.527623630159376,1.449419654274771,crutches
50913,7.341237683785442,-4.938485857900869,1.315802023938698,crutches
50975,7.445708363148598,-6.002924940123861,0.140448522302474,crutches
51038,5.710175203419734,-4.946886450943102,-1.070363599646432,crutches
51100,8.483404910524740,-4.405034707576692,1.851537008475831,crutches
51163,7.732981961556676,-6.339409038266621,-0.975526915507066,crutches
51226,8.536417607016588,-6.749842036468459,1.826931745696380,crutches
51288,6.871342853459630,-10.092429828615956,2.098033047170341,crutches
51351,7.079853893101111,-5.092856199999022,0.022124233867777,crutches
51413,8.481429357900963,-5.034587223820774,0.024094486097173,crutches
51476,8.806591781250196,2.842834405865733,2.308487995577741,crutches
51539,7.897781590212229,-7.649881776179294,1.992705420990322,crutches
51601,9.996264150648589,0.978866157140321,-3.297747287470497,crutches
51664,8.389833192216846,-5.564846484610519,3.571790879894139,crutches
51726,9.215483430424257,-5.118700386703565,-0.441381016084851,crutches
51789,9.415045221698325,-1.854890490093999,-3.522083279243764,crutches
51852,11.818287357604605,-6.157134014330211,-5.841814149055697,crutches
51914,6.031267239269081,-5.638721658608593,-5.110726358962627,crutches
51977,9.320256017098968,-2.448846264947324,2.714388000000000,crutches
52039,9.324933363207386,-2.167000849764068,0.956767293160216,crutches
52102,9.383713406053435,-3.976893948152623,-0.720685181293378,crutches
52165,9.007566968750000,-2.315547653125000,-1.993303815625000,crutches
52227,10.345049414504786,-2.518173381564258,-1.031907314190330,crutches
52290,7.657006311556734,-5.506998025943380,-0.694900818160405,crutches
52352,9.294162806603875,-6.733492989387401,1.115314903714451,crutches
52415,6.625934583903264,-5.545290530070707,0.536587511208545,crutches
52478,5.935567058785392,-6.379217218631962,-0.679548219015171,crutches
52540,7.521257567216941,-5.739147353065987,0.167114460566077,crutches
52603,7.940189697287702,-6.594026726414959,-0.640524559669879,crutches
52665,7.740179678950430,-6.251741984257100,-0.451489081338432,crutches
52728,8.472947164209900,-6.097606241037732,0.163306653537741,crutches
52791,7.684759016037713,-6.582510500000000,-0.699530050754705,crutches
52853,7.122496513414026,-5.445951795400854,0.083153590740258,crutches
52916,7.839532759080138,-7.450057896285315,0.675006500000000,crutches
52978,7.593614445165186,-6.953304545076853,1.162913873997605,crutches
53041,6.534637500000000,-4.946061803066175,1.306554882901139,crutches
53104,8.613533925707564,-6.104999042099072,1.023693289268879,crutches
53166,8.735911809551910,-6.526666158844405,0.633354943514131,crutches
53229,5.860390383254815,-7.650299471403323,3.148983175117855,crutches
53291,7.421435956132064,-5.399036032075482,1.245980045754705,crutches
53354,7.159637417157987,-5.911983343720532,0.058466353038912,crutches
53417,8.926420116155535,-6.533299368219012,0.762024346603783,crutches
53479,8.661318763266614,-7.023185652889118,1.491102307046201,crutches
53542,8.268683360848977,-7.341508975235894,0.149805739657912,crutches
53604,7.892537182399447,-5.794240532369690,0.267096926196748,crutches
53667,8.267175925707473,-4.566986508844172,0.368620570000000,crutches
53730,7.317448197936273,-7.903136036262062,-0.386437402019529,crutches
53792,8.999544500000024,-10.218494646226496,-5.709779995283045,crutches
53855,10.848595973888054,1.564088987921181,1.159508959669832,crutches
53917,5.184540019162780,-10.986486213443564,6.258070203419237,crutches
53980,9.314554156691718,0.876981219751935,-3.897295009492663,crutches
54043,8.243775692098650,-2.484779070045403,2.973883241744821,crutches
54105,9.632213627948293,-4.328838744782036,-3.203071572701796,crutches
54168,10.506894580188430,-2.381293619515819,-3.600401625648131,crutches
54231,8.659834340801952,-5.113247220784120,0.029663630356551,crutches
54293,9.260451922169816,-3.525425434434036,-2.666921559434167,crutches
54356,9.232735892688689,-1.896417832694581,-2.260389455807794,crutches
54418,9.458251915683963,-2.804685646078990,-2.641604886497655,crutches
54481,9.320326629717073,-1.847624787264447,-2.411273383549617,crutches
54544,8.952609176886829,-2.643651222641609,-0.689198973738192,crutches
54606,9.210681930719225,-5.901643795076969,-3.105491115330297,crutches
54669,8.001718370872895,-3.027395886496680,-2.081936252240287,crutches
54731,9.265546781545030,-3.555540656780380,1.231194771049616,crutches
54794,8.785743547169904,-5.511243547169905,0.229879773207517,crutches
54857,7.293565446300051,-6.635126746314859,-1.660136209537174,crutches
54919,10.701840587264146,-2.035141631191065,-3.531680449292454,crutches
54982,12.712467325913778,-4.110831269545762,-3.475698070489326,crutches
55044,7.250708388679241,-4.416209590448160,3.044190903065857,crutches
55107,6.179978059493047,-8.656218432783035,-0.284174201400225,crutches
55170,4.460271689975864,-3.563960770164626,1.397648769398570,crutches
55232,4.623056251768900,-6.981311114534167,-0.399735070680833,crutches
55295,6.203095862028314,-5.460412589622683,0.574947854834971,crutches
55357,8.055626362912720,-7.448666392541270,1.052871370781136,crutches
55420,8.509472973270327,-9.825042580188777,0.559140771493592,crutches
55483,8.068362234375000,-6.404034296874999,1.512032468750000,crutches
55545,8.048219680424527,-6.729425780188624,0.252122571992928,crutches
55608,8.242076536851375,-6.811585730394925,0.066719896043660,crutches
55670,8.273481052673027,-4.159627149606563,2.075481722091510,crutches
55733,8.223934421285463,-5.907597016361867,0.255636800235954,crutches
55796,4.543264496698408,-15.255932650939336,5.514269579243008,crutches
55858,7.591672284787278,-6.306696866597335,0.651908464976733,crutches
55921,6.220647300648458,-4.565721762558970,0.598410000000000,crutches
55983,6.466071421550811,-4.762917393425818,1.267864291076001,crutches
56046,7.999522781367902,-11.650749622641523,1.961791256721661,crutches
56109,8.043934934552057,-5.631077502505754,3.494353135848689,crutches
56171,9.306297744398574,1.280749892099360,0.150505772105107,crutches
56234,7.742344858490323,1.502556758667915,-2.393772744899808,crutches
56296,9.335128713444545,-3.488685435614137,1.636707803773033,crutches
56359,9.721924372936718,-4.017092537737295,0.824555393926749,crutches
56422,9.517191857311941,-2.194894557053858,-1.779693972523921,crutches
56484,9.467823445165088,-4.005113297700774,0.565322452741436,crutches
56547,6.592581704009313,-6.725925173938577,0.045354964625030,crutches
56609,6.991825588590809,-2.940482496432794,0.545069731574222,crutches
56672,9.466790293632071,-2.587993511202985,-0.959149705884592,crutches
56735,8.694177892099026,-3.051405679834777,-1.846529624056742,crutches
56797,7.987260928773611,-6.184623947641654,-0.556543882924377,crutches
56860,8.212110561615656,-5.451921771963231,-0.062209240159861,crutches
56922,8.372207584316010,-4.657910757841623,0.114578584257241,crutches
56985,8.885524968749774,-8.674650902416749,-2.102276489151485,crutches
57048,8.157694687500069,-5.020299018396102,-2.386334969339531,crutches
57110,9.330671657134427,-4.609422629569487,1.474321500796049,crutches
57173,9.542641486438681,-4.526401351945740,-1.572234835819569,crutches
57235,9.103854631633284,-5.074220538473111,-1.115436300000000,crutches
57298,9.330792441037691,-7.255032692452564,1.556837148726795,crutches
57361,9.346366076651075,-5.372589910259165,1.803461098083699,crutches
57423,8.789440640330488,-6.570203358785206,1.241954873408147,crutches
57486,4.868051475825609,-5.258175106191005,1.425305477830123,crutches
57548,4.405822110849024,-6.618968025943595,1.208415653537722,crutches
57611,5.059497542305516,-5.344092123673083,0.034450917576864,crutches
57674,8.716870310141493,-7.660523512323090,0.465692852146246,crutches
57736,8.896764384139114,-6.524345919516554,0.406918820000000,crutches
57799,9.417573990566005,-5.460570780188672,0.650844342216925,crutches
57861,9.163850513266588,-6.456113095577805,0.659713182346751,crutches
57924,13.739923732310887,-1.310709933369302,-1.620206432666273,crutches
57987,9.572564767393859,-3.417322069310158,2.157863835672145,crutches
58049,7.069915283077996,-6.239293865801849,-0.006057491827696,crutches
58112,9.928136335053024,-7.541609137381998,1.899181230277187,crutches
58174,8.905651443396097,-8.520681270046968,-1.754572082134346,crutches
58237,9.813958617482328,0.644990030026531,2.383224256073153,crutches
58300,9.238547571934086,-1.277458550707572,3.095812079953072,crutches
58362,6.265118787205546,-10.820816727888941,-0.450868093189388,crutches
58425,9.157338481721592,-2.315908989917838,-3.003764291864107,crutches
58487,9.663344125516158,-4.231896646005904,-0.896962996447682,crutches
58550,11.224455316037799,-5.519124229363318,-2.099019047051367,crutches
58613,7.962912565359894,-8.216190037677425,0.188806834507269,crutches
58675,8.105108188148510,-4.956065761497728,1.201844519693168,crutches
58738,8.518163284492822,-4.085638717570809,1.170267059581145,crutches
58801,5.605905000000000,-3.461203600000000,-1.383524000000000,crutches
