24331,5.931440400000000,-5.826120000000000,2.666515000000000,single-leg-walker
24393,6.752082103481966,-5.888865607765542,2.770911897945892,single-leg-walker
24456,7.744313075350710,-5.414145131062098,2.787424987675367,single-leg-walker
24518,8.363002428106215,-4.406664935621200,2.100109783216442,single-leg-walker
24581,19.594336999999999,-19.594336999999999,16.938572169842537,single-leg-walker
24644,6.868629477705902,-8.191839676352981,-1.975784362499971,single-leg-walker
24706,9.298672660821662,-3.837408020541122,1.777049925350640,single-leg-walker
24769,9.132211512525036,-2.308689955623837,1.988620796254953,single-leg-walker
24831,9.333297199899839,-3.729291200000000,4.097293052855703,single-leg-walker
24894,8.807790012274575,-7.166479156863767,2.389310982565153,single-leg-walker
24957,7.434674924148325,-7.526381567835766,-2.808723299098153,single-leg-walker
25019,8.799728314879754,-3.953336477079173,1.262383690380723,single-leg-walker
25082,9.771350607214421,-3.897476024248495,3.429211768069476,single-leg-walker
25144,9.415573401553130,-1.830810935796600,4.575992023847710,single-leg-walker
25207,10.033810233132940,-1.481092406680101,3.787474236673268,single-leg-walker
25270,9.270029230085202,-2.428683602229466,1.247947497770534,single-leg-walker
25332,9.574061464428791,-5.071049028557088,1.463756517885850,single-leg-walker
25395,9.027364431863798,-4.243643452655157,3.690103173872802,single-leg-walker
25458,9.167642000000001,-2.316774950350710,2.108724977455138,single-leg-walker
25520,9.336774411573153,-2.797851118010830,1.986668567685392,single-leg-walker
25583,8.812701812625253,-3.954235880360664,2.606947494689310,single-leg-walker
25645,8.809235490981910,-4.757801026878731,3.282620868712413,single-leg-walker
25708,9.136087362224467,-3.817544141032077,2.745442766032067,single-leg-walker
25771,9.269306773296600,-2.814834375000009,2.638400602329658,single-leg-walker
25833,9.256906931863726,-3.057508357865735,2.606300047044086,single-leg-walker
25896,9.151577370490980,-2.348690974549094,3.232956217459919,single-leg-walker
25958,9.053034439378751,-2.510856422344691,2.904276834468920,single-leg-walker
26021,9.083461138151298,-2.988068778156322,2.660542898421858,single-leg-walker
26084,8.798109300100164,-3.476630369939793,3.059148880060058,single-leg-walker
26146,8.604692393537139,-3.484545213276599,2.785602313276599,single-leg-walker
26209,8.767043511523053,-2.760349016483000,3.155839349048100,single-leg-walker
26272,8.870831000000001,-2.934209454709432,3.572426281913872,single-leg-walker
26334,8.780115970941909,-3.529631040731445,2.017502882114274,single-leg-walker
26397,8.779039156312635,-4.233246137474945,2.079886171142292,single-leg-walker
26459,8.919705371743481,-3.704688043386760,2.558076941132272,single-leg-walker
26522,9.187982077905811,-3.328428628206420,2.519320715681364,single-leg-walker
26585,9.282267876753508,-3.161974571142282,2.523434046492986,single-leg-walker
26647,9.094318880010015,-3.460956587324664,2.045478245165329,single-leg-walker
26710,8.902815518537082,-3.414803329909808,2.524580342685379,single-leg-walker
26772,9.076467522670345,-3.596885617610238,2.502109356262508,single-leg-walker
26835,8.889979000000000,-4.274149228557236,1.542904882214410,single-leg-walker
26898,8.987919578907793,-4.945260500000000,0.530510273021052,single-leg-walker
26960,8.971568515030070,-4.114154210581138,0.792955909202398,single-leg-walker
27023,9.071332370866743,-3.751256211948904,1.162181800551122,single-leg-walker
27086,9.081283423096201,-4.169596282064133,0.330010533271556,single-leg-walker
27148,8.923869245616244,-4.645969414904783,0.507933803113718,single-leg-walker
27211,8.844543296593182,-4.999791344488970,1.648695163126245,single-leg-walker
27273,8.442802755761527,-4.894245550976950,1.545663110195390,single-leg-walker
27336,8.668282335671345,-4.764173766032068,1.184770290731463,single-leg-walker
27399,8.847242976452907,-4.897155048221443,2.228411786197406,single-leg-walker
27461,8.011192272545085,-5.012282400000000,3.440270040080090,single-leg-walker
27524,7.779330300000000,-4.379078479183324,2.177260363702316,single-leg-walker
27586,10.137209662825649,-5.797055659068199,0.152329531135290,single-leg-walker
27649,8.051718870365679,-6.273989848822653,1.507962153632301,single-leg-walker
27712,7.116671004609195,-5.726747852504968,2.817693317234445,single-leg-walker
27774,6.907524853331661,-5.920304111072134,3.099972704008032,single-leg-walker
27837,6.570086264929867,-5.828019550100196,2.665488534969918,single-leg-walker
27900,5.979207469438885,-4.868954210971925,2.312071620691395,single-leg-walker
27962,6.209102600000000,-4.555394438677358,1.815568873446906,single-leg-walker
28025,7.275891283692383,-3.247124039128258,1.341786345115232,single-leg-walker
28087,8.677823410821651,-3.067706635671320,0.465766859268535,single-leg-walker
28150,2.145725701903956,4.318088260971069,-5.918601385395641,single-leg-walker
28213,7.300007554709552,-2.513801714429210,1.345225700000000,single-leg-walker
28275,9.182430169088192,-3.768788732364656,1.708759224499016,single-leg-walker
28338,8.408276956913815,-4.793372586172264,2.955982347845702,single-leg-walker
28400,8.068725598446948,-4.315498285295646,3.077861236723438,single-leg-walker
28463,7.876179297094192,-4.620828331663330,3.055762154809607,single-leg-walker
28526,8.233946771042106,-4.909756400125329,2.975836762499975,single-leg-walker
28588,8.542345095190377,-4.523202688076129,2.998727360470971,single-leg-walker
28651,8.495813063502016,-5.215393853832670,2.924810022244481,single-leg-walker
28713,8.135838594188362,-5.706265337324632,3.398988162474952,single-leg-walker
28776,7.905665520916834,-6.103537890205413,3.928980469438873,single-leg-walker
28839,7.565466521042081,-5.624324773146273,3.545762949298596,single-leg-walker
28901,7.550466616633279,-5.377197267284558,3.511702625150284,single-leg-walker
28964,8.514585606713441,-4.192842007314601,1.503474682665305,single-leg-walker
29027,8.844517422344731,-3.788184860120265,0.312298067229478,single-leg-walker
29089,8.667500134268471,-4.519720073146344,0.068336267555083,single-leg-walker
29152,8.417281817778409,-4.741020248955009,1.146990111809350,single-leg-walker
29214,8.600114102204360,-4.974847586372726,0.792529929990029,single-leg-walker
29277,9.000995311372760,-4.619046687124221,0.328504324849669,single-leg-walker
29340,8.577405179358710,-4.887227892785592,1.312376771342681,single-leg-walker
29402,8.848718918086163,-4.126091277304595,0.701264599987494,single-leg-walker
29465,9.363440973947901,-3.908574505310624,-0.265137622645280,single-leg-walker
29527,9.368889780060121,-4.304311643987978,-0.610332662342184,single-leg-walker
29590,8.857379650300603,-4.872141637274543,1.366197675000005,single-leg-walker
29653,8.987504629008008,-4.166161862925867,0.252171652905833,single-leg-walker
29715,8.382527000000000,-5.747552076653305,0.087298310124756,single-leg-walker
29778,7.951672600000000,-4.909964922670374,1.408055225776542,single-leg-walker
29841,8.880902884769519,-6.219425314128225,1.851679750000041,single-leg-walker
29903,8.945865544338869,-6.968716195816810,1.238320209894847,single-leg-walker
29966,8.163828255845068,-6.218677000000000,1.491530451168990,single-leg-walker
30028,7.405922400000000,-5.686658042685392,1.751640826152299,single-leg-walker
30091,6.667419854659325,-5.903632508517063,1.777169770340693,single-leg-walker
30154,6.529260097820644,-5.850646402179356,1.546291500000000,single-leg-walker
30216,6.423273150701402,-6.016594476953912,1.802291009218434,single-leg-walker
30279,6.600107553481964,-5.656881557865732,1.775056760420841,single-leg-walker
30341,7.355615474699399,-5.522331617985970,1.725936894514027,single-leg-walker
30404,7.780390516007040,-4.646914091508004,0.722641856600709,single-leg-walker
30467,9.098668783567140,-2.452331333333287,-0.876072300000000,single-leg-walker
30529,10.186687305359758,-3.807737006311070,8.541009463927187,single-leg-walker
30592,10.709913677855509,-0.755051926167055,2.111627148196549,single-leg-walker
30655,8.476853624999929,-4.818044767184469,1.215347955035039,single-leg-walker
30717,8.470105798931149,-4.788728672010708,2.177687959786164,single-leg-walker
30780,8.371046287825660,-4.931236894288597,2.715023581788574,single-leg-walker
30842,8.112137515030044,-5.137509621242454,2.740430136372744,single-leg-walker
30905,8.775084500000000,-4.432963999924844,3.079605053256532,single-leg-walker
30968,8.842625059118236,-4.061551361322653,2.962290376352708,single-leg-walker
31030,8.682396828156312,-4.202704505561123,2.494173000000000,single-leg-walker
31093,8.384897348697393,-5.843091109218458,2.299554191583173,single-leg-walker
31155,8.381587556362737,-6.505443409318644,3.203321275125273,single-leg-walker
31218,8.344435655561142,-5.757016169839684,4.237783904208414,single-leg-walker
31281,7.709602875000048,-5.744606886447961,2.932144315030093,single-leg-walker
31343,8.587145825651289,-4.005284250000080,1.619736462399864,single-leg-walker
31406,8.866925869238493,-4.095263988652253,0.464366170000000,single-leg-walker
31469,8.803649704158328,-4.332805094438857,1.020218256663291,single-leg-walker
31531,8.902818081663330,-4.243707955686395,0.848003353266558,single-leg-walker
31594,8.912117152304615,-4.386928316382792,1.310506007815652,single-leg-walker
31656,9.164018594856378,-3.675204961422833,0.490761788627258,single-leg-walker
31719,9.053893505511022,-4.166281651102206,0.323040668046091,single-leg-walker
31782,9.138918000000000,-4.115053561598195,0.175293371806113,single-leg-walker
31844,8.757629374248499,-4.550487528957925,0.130949856432867,single-leg-walker
31907,8.872370706412829,-4.890122720440887,0.236886425513532,single-leg-walker
31969,8.688299020040089,-5.250572002204425,0.510397000160349,single-leg-walker
32032,9.029290071893799,-4.486998233592187,0.726472183937906,single-leg-walker
32095,8.724785088176375,-5.586261745290646,1.585309288527107,single-leg-walker
32157,8.449532988727414,-5.706968123371739,1.543077659017982,single-leg-walker
32220,8.567394409318615,-4.686661276452933,0.626236705636254,single-leg-walker
32283,8.999986516282581,-5.179938034769523,0.378262288749989,single-leg-walker
32345,8.981264013026058,-6.051448519839685,1.045622630160299,single-leg-walker
32408,8.322825983466938,-5.784161912700399,1.583184329233460,single-leg-walker
32470,7.594425335170343,-6.059506947795596,1.885828686723446,single-leg-walker
32533,7.223068280460921,-5.920237034969941,1.732403056813626,single-leg-walker
32596,6.984267538376752,-6.217928680661319,1.843102900000000,single-leg-walker
32658,7.067498279083163,-5.832379881012021,1.377264086297599,single-leg-walker
32721,7.300952584919796,-5.983366544589185,1.393448700250457,single-leg-walker
32783,7.218839668411813,-5.692076000000000,1.462324572695385,single-leg-walker
32846,7.373356401452920,-5.638471271793573,1.400111572094198,single-leg-walker
32909,7.068169911523022,-4.127134506813676,0.822913329383719,single-leg-walker
32971,8.625239667334633,-2.412012232264610,0.467762360751523,single-leg-walker
33034,3.096727514027836,4.554420517911565,1.125761563853001,single-leg-walker
33096,9.000758563126318,-0.770138100120180,3.064223862324685,single-leg-walker
33159,8.634368241983966,-4.858221331913821,2.180531743612230,single-leg-walker
33222,8.936796694388779,-3.647869197294586,1.655381986072149,single-leg-walker
33284,8.589172124874748,-4.449457868762533,2.427566068712426,single-leg-walker
33347,8.260696445140278,-4.860748889028063,1.820485582014027,single-leg-walker
33410,7.669374247419841,-4.400918405185444,2.406188783617213,single-leg-walker
33472,7.872605741633259,-5.331950956963900,2.471627624999980,single-leg-walker
33535,8.337249519539045,-5.139543464053119,3.110935730210395,single-leg-walker
33597,8.225674770040060,-5.992096826653334,3.993268114378746,single-leg-walker
33660,8.216505411573179,-5.688437784068132,4.328277023246550,single-leg-walker
33723,7.656619909819777,-6.515251704475560,3.986755465798300,single-leg-walker
33785,7.644024867234580,-6.444281141307609,3.310991894639297,single-leg-walker
33848,8.450393335170423,-5.106387207414511,2.110394242584936,single-leg-walker
33910,8.776982273797508,-4.421880885145438,0.527373104000638,single-leg-walker
33973,8.249463056112216,-4.869047806613264,0.875093688777563,single-leg-walker
34036,7.985507569789372,-4.862893397044105,-0.174244050440890,single-leg-walker
34098,8.782618545758156,-5.030177818303011,0.018915672144039,single-leg-walker
34161,9.110734850033355,-4.287148603306723,-0.560111760000000,single-leg-walker
34224,9.153509998496983,-4.550424923046086,-0.029850946282632,single-leg-walker
34286,8.478086588677259,-4.364289408015972,0.119619642313345,single-leg-walker
34349,8.818831929859716,-5.235145314629240,0.646129328657282,single-leg-walker
34411,8.546863331538100,-5.441569121192361,1.367854999173327,single-leg-walker
34474,8.783426275551111,-5.018158633517062,1.955627934468932,single-leg-walker
34537,8.739465897294586,-4.883596718436869,0.646678599699416,single-leg-walker
34599,8.726252947895802,-5.314360971042079,0.168351089208425,single-leg-walker
34662,7.775795024048106,-6.020940143211419,0.840587423083678,single-leg-walker
34724,8.282085644789580,-6.764973789228458,0.679155820886772,single-leg-walker
34787,8.156511323522045,-6.564533919338684,0.573173662975955,single-leg-walker
34850,7.883435480561119,-6.102566824983296,1.416500926786919,single-leg-walker
34912,7.617030682489978,-6.233617030586190,1.783317024048106,single-leg-walker
34975,7.520817300000000,-6.296990857214388,2.075674583867730,single-leg-walker
35038,7.147092807489966,-6.055197263752474,1.688960119163285,single-leg-walker
35100,7.070812700000000,-5.942146819839721,1.579524256613251,single-leg-walker
35163,6.978823167835700,-5.798207101202336,1.368536161898793,single-leg-walker
35225,7.207547973096187,-5.463788227755527,1.498730554308657,single-leg-walker
35288,7.026554459468931,-4.548204060621166,1.710327840656294,single-leg-walker
35351,7.115644558917763,-2.571316314128432,0.961245570260562,single-leg-walker
35413,8.545062442885857,-2.356178883692236,-8.372053471323117,single-leg-walker
35476,6.325594682314638,-1.468622875379241,-0.819380435946659,single-leg-walker
35538,8.279240888276405,-2.947395944940344,2.489555968486612,single-leg-walker
35601,8.781800081162288,-4.310825883767602,1.484296646492853,single-leg-walker
35664,8.327349613226389,-3.675837278531860,2.168093470090105,single-leg-walker
35726,8.512034185871803,-4.275295456412772,2.879170095390805,single-leg-walker
35789,8.449964501503043,-5.184209528306577,3.253002450300575,single-leg-walker
35852,8.262715987474964,-4.973898008166342,3.010940218186399,single-leg-walker
35914,8.471725387399792,-4.277080069213374,2.297647544163315,single-leg-walker
35977,8.124738774098242,-4.712655360320705,2.789804370290587,single-leg-walker
36039,8.281874363727487,-4.472773179709396,3.882817584118239,single-leg-walker
36102,8.203124546092187,-4.590224476953918,3.826293759919841,single-leg-walker
36165,8.299390389779557,-4.427562625000038,3.805033984594191,single-leg-walker
36227,7.760910374048098,-3.485442120841687,2.147114413426856,single-leg-walker
36290,8.259494785571132,-4.402551856838680,1.949775877279535,single-leg-walker
36352,8.943780915831654,-4.664605028056097,0.590792599999983,single-leg-walker
36415,8.622316088927841,-4.369904398847678,0.903913352499983,single-leg-walker
36478,8.590865515030043,-4.568782691983945,1.832377053507005,single-leg-walker
36540,8.993680093436884,-4.261288788602169,1.485745384068093,single-leg-walker
36603,9.047561188376740,-4.220519820490973,0.207982854999965,single-leg-walker
36666,9.188182955196124,-3.808586424176899,-0.264692881073593,single-leg-walker
36728,9.456711394288565,-3.131087485571171,-0.939016879228422,single-leg-walker
36791,9.797368097945951,-2.840320175751464,-1.540396148321630,single-leg-walker
36853,9.557996787324599,-2.525112749498954,-0.280247764178306,single-leg-walker
36916,9.703817000000001,-3.216156931162236,0.374047438299996,single-leg-walker
36979,9.492467067134234,-4.853774634268746,0.106212388888055,single-leg-walker
37041,8.787208522419816,-6.141646596693331,0.540094421630650,single-leg-walker
37104,8.124565642785495,-6.614903488877689,1.460782435320549,single-leg-walker
37166,8.028871118486915,-6.316617133066126,1.761922976302534,single-leg-walker
37229,8.456582540080172,-5.456607317585239,1.198714851854024,single-leg-walker
37292,7.523518122996022,-6.175713748997890,-1.366092187980660,single-leg-walker
37354,8.729212473697356,-5.476101875000102,-0.762208867855630,single-leg-walker
37417,9.110962046719347,-3.888789873723182,0.834504892410556,single-leg-walker
37479,8.765625371242496,-3.092525486673341,0.210813012515047,single-leg-walker
37542,8.666775915831710,-4.794381826528087,0.805598979822184,single-leg-walker
37605,8.682893657064136,-5.077428532064126,1.203482885470943,single-leg-walker
37667,7.977964287550096,-5.300987262199386,1.199985958366731,single-leg-walker
37730,8.041038642284569,-5.101648220140281,2.355879229859720,single-leg-walker
37793,8.249899083667342,-4.754901459544095,3.012472772344697,single-leg-walker
37855,7.879369085270571,-4.533554600000000,3.229068335270546,single-leg-walker
37918,7.361992918587091,-3.634046990430767,3.349688240430841,single-leg-walker
37980,5.183103908566906,1.751995915931928,7.535673238978134,single-leg-walker
38043,7.447458548497077,-2.644504549649370,5.127721538552040,single-leg-walker
38106,7.675257357615249,-4.758758000000072,3.320501667935845,single-leg-walker
38168,19.567449696893775,-18.088560030560245,9.993013339930744,single-leg-walker
38231,4.281315450100660,-5.772817030060997,-1.219662795991876,single-leg-walker
38293,8.216915985220240,-3.120273038301463,0.499560852955738,single-leg-walker
38356,8.458443399799689,-4.844880800601253,1.061941519839719,single-leg-walker
38419,8.489759042209410,-4.721247579221020,1.684183667935917,single-leg-walker
38481,8.477390426853690,-4.735502637675367,2.059480161923958,single-leg-walker
38544,8.605828822645318,-4.394766596818772,2.028420429934812,single-leg-walker
38607,8.643118402805632,-4.544784002254558,2.118688118887754,single-leg-walker
38669,8.092019217184413,-4.472595775000177,3.141851746718548,single-leg-walker
38732,8.194082154809614,-4.744631349148314,3.678808921593209,single-leg-walker
38794,8.329596464178351,-4.792609543336683,3.067382607164392,single-leg-walker
38857,8.161108992234482,-4.198425625000033,2.792771249223461,single-leg-walker
38920,8.039872397595223,-4.288211094939924,3.565420514428871,single-leg-walker
38982,8.125818045591151,-5.229259144038063,3.463146335220449,single-leg-walker
39045,8.475279812499984,-4.892977081938911,3.821746330861731,single-leg-walker
39107,8.007911163026037,-5.116796749999990,2.237952739178356,single-leg-walker
39170,8.632169237600195,-4.274410565430848,0.259179891881267,single-leg-walker
39233,8.764618060370742,-4.637210059218439,1.221648722244489,single-leg-walker
39295,8.612316999999999,-4.369832363151304,2.081512373121245,single-leg-walker
39358,8.551483251503004,-4.820791200000000,2.273958200000000,single-leg-walker
39421,8.475809820766530,-4.958648336372711,1.675130721693372,single-leg-walker
39483,8.481857072645269,-4.565693286623234,0.908547135270509,single-leg-walker
39546,8.543117547344737,-4.980004175951912,-0.137454424090642,single-leg-walker
39608,8.912443010020027,-4.647470538777425,-0.156752252500019,single-leg-walker
39671,8.905840077905763,-4.717931869363717,0.959513862833220,single-leg-walker
39734,8.614466485971876,-5.818694460921776,3.271381681563046,single-leg-walker
39796,8.604791073647226,-5.329943588151116,1.975127264730105,single-leg-walker
39859,8.331172323647493,-4.215051293837234,0.772359077670333,single-leg-walker
39921,9.857760102455119,-5.746307112725714,1.564893780536036,single-leg-walker
39984,7.874768882364630,-4.973984200000000,1.964905090981946,single-leg-walker
40047,7.551524474148303,-5.990528020541052,2.360129000000000,single-leg-walker
40109,7.116124137274454,-6.590031659819681,2.432111097094136,single-leg-walker
40172,6.661025557515079,-6.032934877204465,2.362045539053125,single-leg-walker
40235,6.486831806863717,-5.615278032565163,2.269405796743449,single-leg-walker
40297,6.203363179408851,-5.102288247996024,2.733812818512038,single-leg-walker
40360,6.139758871593203,-4.064837461272510,1.997020155210448,single-leg-walker
40422,7.689043617568432,-2.374286341984041,1.538088873513707,single-leg-walker
40485,9.912231499999921,-0.633897296693372,1.303267408266531,single-leg-walker
40548,2.972999409744529,8.821607714930158,1.065918150601380,single-leg-walker
40610,10.143670617234569,-0.049206338156409,2.494614289378731,single-leg-walker
40673,9.055380810370748,-4.073311293962917,1.686439394388781,single-leg-walker
40735,9.022517050100191,-3.276053789979956,1.938848500000000,single-leg-walker
40798,8.954003279934863,-3.657885023421849,3.639541785921858,single-leg-walker
40861,8.693403538410177,-3.501695617969267,3.188728486973958,single-leg-walker
40923,8.613259743737494,-3.720815132940877,2.620683445516045,single-leg-walker
40986,8.579170463927822,-4.488247757464825,3.514228267785537,single-leg-walker
41048,9.276548777429866,-5.013478025776555,3.827408876565668,single-leg-walker
41111,8.679972836673095,-4.448649673346191,4.624761992484681,single-leg-walker
41174,8.121320938352044,-5.999119321017090,5.269068750000178,single-leg-walker
41236,6.829913825651047,-4.336479736873303,3.339247730260454,single-leg-walker
41299,7.855082369489034,-3.948167812224378,2.106578432214337,single-leg-walker
41362,8.545966558116193,-4.785016095942288,0.857258941513007,single-leg-walker
41424,8.524634994238495,-4.566316863477124,1.472470034619315,single-leg-walker
41487,8.824386534068120,-4.422665216733312,1.514708958767568,single-leg-walker
41549,8.839811699398908,-4.213837756137455,1.604782220040030,single-leg-walker
41612,8.956258055110172,-4.424967523096159,0.858184735160314,single-leg-walker
41675,8.973365860220589,-3.545890018988331,-0.159385741154695,single-leg-walker
41737,8.970830644789553,-3.343330097845686,0.339896900000000,single-leg-walker
41800,9.072418777179436,-3.529793994564361,0.940076964837200,single-leg-walker
41862,9.107761873246488,-4.267744975350690,1.311638049699391,single-leg-walker
41925,8.976642001252515,-4.973492453431854,1.910124800000000,single-leg-walker
41988,8.412479162324665,-5.939997790380766,1.448895815430804,single-leg-walker
42050,7.472721518436891,-6.160399646042081,1.293810385270546,single-leg-walker
42113,7.314398170474279,-5.998462000000000,0.469719500708086,single-leg-walker
42176,8.480026475701406,-6.003194322920850,1.045248443326656,single-leg-walker
42238,8.261301166332672,-5.810059999999989,1.035808195791599,single-leg-walker
42301,8.487848000000000,-6.509950329408835,2.126267108441876,single-leg-walker
42363,7.895693049498986,-6.524084286222453,2.096584110971946,single-leg-walker
42426,7.076652918186359,-6.185051125751492,1.888409425225434,single-leg-walker
42489,6.528339225300583,-5.930835831913821,1.472366882464905,single-leg-walker
42551,6.458041000000000,-5.421503734969957,1.503388337499966,single-leg-walker
42614,6.428468423196388,-4.678021776803612,0.748441839313552,single-leg-walker
42676,6.595831077154145,-3.488797525300800,0.525559890818975,single-leg-walker
42739,8.267230065130326,-2.250817984368763,0.198676928957838,single-leg-walker
42802,9.562687009686629,6.372589605242911,6.861294979627753,single-leg-walker
42864,10.334039346693585,-3.431741186371576,3.203803450000318,single-leg-walker
42927,8.469008199649254,-5.154862464703475,-0.226731440856740,single-leg-walker
42990,8.125165752505122,-4.294190400000000,0.877415424248629,single-leg-walker
43052,8.670059539829536,-4.269366661071927,0.979677590721218,single-leg-walker
43115,8.742216743486985,-4.552703400000000,2.111612659519289,single-leg-walker
43177,8.662303009644283,-4.624809874999907,4.061165373071125,single-leg-walker
43240,8.222082172344813,-4.581600012424553,3.260137800000000,single-leg-walker
43303,8.116836037324610,-5.393144350701282,2.744975184894760,single-leg-walker
43365,8.306774925851681,-5.163690682965896,4.133159439278553,single-leg-walker
43428,8.293286633266511,-4.380543570641248,3.897479267334650,single-leg-walker
43490,8.401676999999999,-4.535540100200439,3.359457090480939,single-leg-walker
43553,8.400261931112215,-4.500098592685380,3.734023407314619,single-leg-walker
43616,8.451295778306610,-4.878252754208409,2.478501602555112,single-leg-walker
43678,8.262764152805612,-3.804182475450904,0.719552685598697,single-leg-walker
43741,10.086242889779557,-4.723894498597203,-2.558374261723448,single-leg-walker
43804,8.965736546092163,-3.895346976953869,1.532469348046106,single-leg-walker
43866,8.964695364061411,-3.077332184969934,2.287773118036036,single-leg-walker
43929,9.161640835170335,-3.755081755435893,1.716072090756453,single-leg-walker
43991,9.234207408316667,-3.989425719939917,0.144707299039037,single-leg-walker
44054,9.268002063627272,-4.184113935220561,0.143445721768054,single-leg-walker
44117,9.367326009018109,-4.108589900000196,-0.274256484879686,single-leg-walker
44179,8.813447829784527,-5.165345741783650,0.538125294902370,single-leg-walker
44242,9.034500016032119,-4.673162538677344,2.865777177354602,single-leg-walker
44304,8.421118622745476,-4.647863882014057,4.519631712725429,single-leg-walker
44367,8.271350053857706,-5.392914323145940,3.625093628457007,single-leg-walker
44430,7.676432639529218,-3.750862797895951,0.868881770415779,single-leg-walker
44492,9.455041538076012,-3.711921966883150,-0.416085652370091,single-leg-walker
44555,8.768452863602132,-5.893141700000000,1.403620486523056,single-leg-walker
44618,7.951480724749550,-5.854915553156293,2.350626652655292,single-leg-walker
44680,7.329326000000000,-5.771951505085252,2.428949844564105,single-leg-walker
44743,7.181601496994003,-5.610011098196378,2.230651999999961,single-leg-walker
44805,6.852008290455858,-5.511217204033026,2.013682148897862,single-leg-walker
44868,6.591125357915842,-4.472595527054112,2.012566873747526,single-leg-walker
44931,6.573324152454904,-4.207825031888780,2.071726758867752,single-leg-walker
44993,6.635376549048090,-2.843438233567140,1.287778400000000,single-leg-walker
45056,9.893996476953912,-2.637791400000000,-2.030394452870342,single-leg-walker
45118,-0.029270525645292,-7.246915939879642,-3.625295054108207,single-leg-walker
45181,6.885979849999992,-5.061467258066126,1.031694878481954,single-leg-walker
45244,8.944462319639284,-4.730974683567124,2.937519296192392,single-leg-walker
45306,8.607212966683353,-4.031923515631282,3.791842587500013,single-leg-walker
45369,8.420826000000000,-4.749322694939887,4.949587598196417,single-leg-walker
45431,7.664412015280567,-4.926170961422829,3.729519051703346,single-leg-walker
45494,8.295503335671276,-5.173754721442741,2.830078867134155,single-leg-walker
45557,8.220282239854694,-5.537787076528005,1.573971836635804,single-leg-walker
45619,8.545947661322570,-5.159910945090191,4.167514448497091,single-leg-walker
45682,7.928587448647260,-5.017391001502803,5.432642023797505,single-leg-walker
45745,7.446753500000109,-4.175084147495325,5.048345170841690,single-leg-walker
45807,7.513559621618020,-3.953571585295089,2.671674211322773,single-leg-walker
45870,8.447601466934042,-4.358986685270740,1.922798125751511,single-leg-walker
45932,8.522675392785713,-4.999230070165381,1.443583281387784,single-leg-walker
45995,7.873824023797585,-5.355714536873738,2.824900563677321,single-leg-walker
46058,8.220324521292524,-5.657344561122321,2.056559011948939,single-leg-walker
46120,8.785268167334703,-4.126606831362635,2.115949124999910,single-leg-walker
46183,9.288021111472897,-4.046304870616271,1.266645736848725,single-leg-walker
46245,9.244477839679295,-4.017103626252353,0.368716507525025,single-leg-walker
46308,9.095901854959939,-4.294190400000000,0.132031551462898,single-leg-walker
46371,9.119769000000000,-4.312341940881770,1.233823217835649,single-leg-walker
46433,8.924646333667370,-3.792492582965909,1.734151524799634,single-leg-walker
46496,9.372147157314627,-3.423648882615225,1.143881759769564,single-leg-walker
46559,9.340106313126251,-3.920170998597199,0.570542591836165,single-leg-walker
46621,9.107790781312625,-4.990729823146292,1.728169766683363,single-leg-walker
46684,8.688912999999999,-5.536206576277554,2.656837395816636,single-leg-walker
46746,7.885562099198382,-6.195460100000019,2.346870543086124,single-leg-walker
46809,6.983387449974944,-4.751900999974884,2.238962625275523,single-leg-walker
46872,9.183466552605223,-5.148081816182380,1.001313847284619,single-leg-walker
46934,9.089411891783550,-5.491900423797564,1.059768551477896,single-leg-walker
46997,8.685555709418821,-5.614526707147640,1.644441952705438,single-leg-walker
47059,8.028604779058098,-5.983680575300625,1.814043368311643,single-leg-walker
47122,7.413981181563221,-6.020124772344832,1.852850116232354,single-leg-walker
47185,6.831911890581169,-6.008499490581168,1.650223004083147,single-leg-walker
47247,6.585733993386846,-5.614098009018005,1.747357200000000,single-leg-walker
47310,6.598143276853754,-5.001211308592246,1.015913085596200,single-leg-walker
47373,7.192974742284560,-5.050580500000000,1.837797511372799,single-leg-walker
47435,7.390297399565970,-2.856068249999705,1.195851069171529,single-leg-walker
47498,8.570373266533334,-1.048754889067935,-4.274595207486836,single-leg-walker
47560,5.987727133517077,-1.839020679837638,-1.025199890105712,single-leg-walker
47623,8.103042878958121,-3.520608109418682,2.033682588777658,single-leg-walker
47686,9.009147987725425,-5.090073447995822,2.777219723997911,single-leg-walker
47748,8.616557909819603,-3.722777154308622,2.941903668236441,single-leg-walker
47811,8.262042362600186,-4.210396377655270,3.102123880135189,single-leg-walker
47873,8.152739000000000,-5.123224690781523,2.580344000000000,single-leg-walker
47936,8.362642363977949,-5.110484024999963,2.276658722995987,single-leg-walker
47999,8.226682117735463,-3.980517955911761,0.920347424689356,single-leg-walker
48061,8.161957429859703,-4.527123347361356,1.773858380694708,single-leg-walker
48124,8.331004203657313,-5.154116495340680,3.289187787074145,single-leg-walker
48187,8.614458657815627,-6.358213141282573,5.861470961923842,single-leg-walker
48249,8.042500014696051,-6.688732367401454,4.418397596860373,single-leg-walker
48312,8.331639964929899,-5.848322503882661,-1.000503193762591,single-leg-walker
48374,7.832863419889813,-6.138276562074201,-0.598189352329620,single-leg-walker
48437,8.511150936122288,-5.846535523346609,1.629980203056038,single-leg-walker
48500,8.162974464428871,-4.869987928857741,1.799508949999898,single-leg-walker
48562,8.719042548597219,-4.615333970340942,0.516894403035985,single-leg-walker
48625,8.979220520040103,-4.345497959919794,0.916270074408760,single-leg-walker
48687,9.301529094438868,-3.517559709919763,0.597942305298063,single-leg-walker
48750,9.600654692384756,-3.711082425000058,0.730295304559133,single-leg-walker
48813,9.217956302605268,-4.126978561573080,1.312057740656246,single-leg-walker
48875,9.076155597194319,-4.380361600000000,1.722893249999931,single-leg-walker
48938,9.303609834043090,-4.284763423559680,1.420290810220598,single-leg-walker
49001,8.210156718937856,-5.045692466132193,3.375550612575515,single-leg-walker
49063,7.403013321893663,-6.463495308742524,2.357097612499633,single-leg-walker
49126,7.767510797845645,-5.135499730710507,3.909361104157587,single-leg-walker
49188,6.720334124999918,-7.753786739103318,0.100990988564400,single-leg-walker
49251,7.629418594789449,-6.062202891783698,3.045065216432814,single-leg-walker
49314,7.249781885696404,-6.970634808642372,1.083040562374681,single-leg-walker
49376,7.020014140781589,-5.183147248997990,1.596409200000046,single-leg-walker
49439,7.314566134894777,-5.617674055986968,1.945432213802586,single-leg-walker
49501,7.287291050751493,-5.929339252505030,1.466725722745487,single-leg-walker
49564,7.570920532314631,-5.923443731462933,2.000946446768528,single-leg-walker
49627,7.117265812024048,-5.827539865731463,2.237789667134269,single-leg-walker
49689,7.006064703907812,-5.639176231563120,2.447108500350707,single-leg-walker
49752,6.470599136773544,-5.574509658066140,2.356521935871737,single-leg-walker
49814,6.082088398296609,-5.426187852830681,2.441383334318651,single-leg-walker
49877,5.881677423196399,-2.152645079108056,2.312505717434929,single-leg-walker
49940,9.782454593562173,-5.390242482089211,-0.114019295723942,single-leg-walker
50002,8.569490591181589,-0.358739029259027,7.080905419838128,single-leg-walker
50065,8.933887339679373,-1.711728505761363,4.264792891633344,single-leg-walker
50128,9.571854845691222,-4.499626385771946,1.968761824999908,single-leg-walker
50190,8.286642560621202,-4.811494869113306,2.535987255511115,single-leg-walker
50253,8.374180455661444,-5.461221802404548,3.562024308066474,single-leg-walker
50315,7.531530962274509,-5.839344864729670,3.313028169940042,single-leg-walker
50378,7.516212206011989,-5.496795333667485,3.434024507715478,single-leg-walker
50441,8.094652986472926,-4.961852828958127,4.736852947394856,single-leg-walker
50503,7.460760390781306,-4.755078879257940,4.071269978155942,single-leg-walker
50566,7.483742471743685,-5.306342685671154,1.932024914328845,single-leg-walker
50628,7.867329189378231,-6.871560278756283,1.663325675450642,single-leg-walker
50691,8.171182659068512,-6.220521565906851,1.040214112525337,single-leg-walker
50754,7.738796911723384,-5.511905500000067,0.553472888777530,single-leg-walker
50816,8.192127634268527,-4.950071720741407,2.255255029258483,single-leg-walker
50879,8.360591604709432,-5.057224498647346,0.919728607975982,single-leg-walker
50942,8.603192915080152,-4.715471000000000,0.462787998537102,single-leg-walker
51004,8.947273916332650,-4.610807650651289,0.130067231663328,single-leg-walker
51067,8.833851200901803,-5.215986264028055,0.151214253890282,single-leg-walker
51129,8.697432416833667,-5.245275925050102,0.747362579158318,single-leg-walker
51192,8.156242781312617,-6.107363030811622,1.232667112474944,single-leg-walker
51255,7.851398399999973,-5.369630277555101,1.722854922444886,single-leg-walker
51317,8.630994169338670,-4.632533184594140,1.139236030085144,single-leg-walker
51380,9.113129494989956,-5.967570081663427,1.357927858416827,single-leg-walker
51442,7.755206969188384,-6.167326444188323,1.756931900000000,single-leg-walker
51505,8.048434983967931,-6.110306196793601,2.165164938276526,single-leg-walker
51568,8.112626745741531,-6.403313619839607,2.313616214654272,single-leg-walker
51630,7.702690748496964,-6.140243429408872,2.153249624999952,single-leg-walker
51693,6.897470768537085,-6.085633418023536,1.966572002868247,single-leg-walker
51756,6.419435872995962,-5.621663002504912,2.088957100500934,single-leg-walker
51818,6.113357000000000,-5.549596926903872,2.011504310596202,single-leg-walker
51881,6.288193103256549,-5.621514255410839,2.491357178807678,single-leg-walker
51943,6.569337835921752,-5.728885058216517,2.096838375000123,single-leg-walker
52006,7.130495629158379,-3.862217523747463,1.642037200000000,single-leg-walker
52069,8.577800974949744,-2.126387125000099,0.754090179038194,single-leg-walker
52131,2.300081804484183,-0.846595477320273,-2.627355865455631,single-leg-walker
52194,7.039971992985985,-4.299242940180044,2.679361125784998,single-leg-walker
52256,8.516959551102165,-4.774083645190260,2.879227549999785,single-leg-walker
52319,8.137800628757528,-4.730408371242471,3.373024954934833,single-leg-walker
52382,8.258893607214423,-4.487768153156300,3.693079644438865,single-leg-walker
52444,7.855927000000000,-4.818903701152307,3.736841510821636,single-leg-walker
52507,7.796551238627257,-5.395331756513015,3.142350683116236,single-leg-walker
52570,7.693057067284570,-6.199405379634269,2.561276546981462,single-leg-walker
52632,7.594900159218434,-6.280926085370734,2.794006408867736,single-leg-walker
52695,7.499317828632260,-6.694596636648278,3.022035414203400,single-leg-walker
52757,7.884314913927858,-6.445099206913740,3.006488783667255,single-leg-walker
52820,7.895484171467933,-5.472098727880702,2.288308015706364,single-leg-walker
52883,8.719963697144212,-4.675834643837693,0.119682010000000,single-leg-walker
52945,7.967715476152309,-5.535520782815623,1.131736109969956,single-leg-walker
53008,8.180464466933891,-6.097201035470871,0.894185283687308,single-leg-walker
53070,8.669323201903822,-4.919626178857612,0.486825142885661,single-leg-walker
53133,8.726770258516956,-5.067983835270474,-0.023936402000000,single-leg-walker
53196,8.783133393537046,-4.611676325275579,-0.520288131249972,single-leg-walker
53258,8.874533969939861,-4.838088457014038,0.278429761733438,single-leg-walker
53321,8.805664378507030,-4.914680573021025,1.919406741007099,single-leg-walker
53384,8.248512781062074,-4.619715406513042,3.250606571793513,single-leg-walker
53446,8.902504058867756,-4.005478639754499,2.050042442660232,single-leg-walker
53509,8.851680999999999,-4.108215710571075,1.938651887023933,single-leg-walker
53571,8.303700467685438,-4.503806432113967,2.488968385771702,single-leg-walker
53634,8.971200022043950,-6.601563522043696,1.038283417234310,single-leg-walker
53697,8.364896816883704,-6.117093380260444,1.272248502705501,single-leg-walker
53759,7.841416030661335,-5.948349202154358,1.771739842384735,single-leg-walker
53822,7.241939082665346,-6.021714860095162,2.203592682489974,single-leg-walker
53884,6.851403869739489,-5.679527717434891,2.743111600000000,single-leg-walker
53947,6.895096361723442,-5.674051918587176,2.512197140155309,single-leg-walker
54010,7.126187941883773,-5.511541027054104,2.592681449999993,single-leg-walker
54072,6.974652292835670,-5.381807338627252,2.145279681738477,single-leg-walker
54135,6.677363740480962,-3.348985657414831,1.774056657414822,single-leg-walker
54197,8.382059309368756,-1.286001158016106,-5.655372839935596,single-leg-walker
54260,4.063734320591387,-7.659715262275270,-1.847587876953695,single-leg-walker
54323,8.321916562374835,-3.143180535671331,2.160610292860730,single-leg-walker
54385,8.893950786573154,-4.775470609719376,2.870631700000056,single-leg-walker
54448,8.636791135521024,-4.323940629909938,2.721300251753516,single-leg-walker
54511,8.229613231462936,-5.060155400000000,2.760869658066083,single-leg-walker
54573,7.807188260671401,-4.456794989228598,3.092664621768467,single-leg-walker
54636,7.775229084318644,-5.475933948647199,3.458459748246467,single-leg-walker
54698,7.808528882565151,-5.992487531187323,3.757065172469899,single-leg-walker
54761,7.220954961923966,-7.462640982765634,3.878416468938033,single-leg-walker
54824,6.539587874999859,-6.579922498245886,3.524220121066976,single-leg-walker
54886,6.971810191833827,-5.907681542134521,2.842167076603375,single-leg-walker
54949,7.884650700000000,-5.275057575901870,1.160234307139264,single-leg-walker
55011,8.870964304609197,-4.644400470941765,0.829273969578985,single-leg-walker
55074,8.108827546342710,-5.011788449248579,1.002191721638230,single-leg-walker
55137,8.062739318637298,-5.697775249999411,1.822951189378180,single-leg-walker
55199,8.169225251753481,-5.335948973772479,0.157980250000000,single-leg-walker
55262,8.670100225450778,-5.447915549098004,-0.950615735891756,single-leg-walker
55325,8.133176851828669,-5.973906957164346,-0.032273368965466,single-leg-walker
55387,8.060206717434871,-6.183592818136275,1.112222414729457,single-leg-walker
55450,8.229335000000001,-5.735574062499988,0.695455584391280,single-leg-walker
55512,8.606055193052772,-4.870122217301273,0.659535016666668,single-leg-walker
55575,8.772690937500000,-4.699912462500000,0.715698402500000,single-leg-walker
55638,8.674825170090180,-4.833646569639288,0.792088625000006,single-leg-walker
55700,8.347067049098200,-5.317956020541051,1.659886298572147,single-leg-walker
55763,7.943738246242489,-4.969062621242472,2.373805127054119,single-leg-walker
55825,7.888819028932883,-5.760563555360748,0.464366170000000,single-leg-walker
55888,8.325080000000000,-6.697859210688053,0.691411843453618,single-leg-walker
55951,7.800604501753480,-6.215302383391727,1.666685879458949,single-leg-walker
56013,7.359004311873763,-5.720800000000000,2.482679672495010,single-leg-walker
56076,7.379014484644271,-5.678539346768513,2.613029853231486,single-leg-walker
56139,7.674144659519016,-5.874127210220419,2.369435126052148,single-leg-walker
56201,7.846177347319662,-5.516834341933831,1.872526876778469,single-leg-walker
56264,8.025324020040051,-5.843302273547197,1.740238796793550,single-leg-walker
56326,7.723739144664275,-5.325621337850640,1.719252399298580,single-leg-walker
56389,6.787221709418888,-4.139711945891801,1.862750920240440,single-leg-walker
56452,6.277549067535132,-1.889550979984908,1.708385061222209,single-leg-walker
56514,17.822463515533521,-15.394339075652857,12.336260337172595,single-leg-walker
56577,9.821604328657573,-3.999132457438367,2.694341751077928,single-leg-walker
56639,8.417263358049420,-3.827377713226195,1.848334737742224,single-leg-walker
56702,7.996345505260442,-4.899011437324926,1.192558037675285,single-leg-walker
56765,7.752237448146278,-5.209074054859673,1.705192778056063,single-leg-walker
56827,7.634165012525042,-6.266549600000000,2.127245625050084,single-leg-walker
56890,7.770710551953906,-5.635641024348736,2.568860326302609,single-leg-walker
56953,7.793598610896797,-5.610661070516033,2.685913687499990,single-leg-walker
57015,7.930738952104207,-5.936467388777562,3.302657285170337,single-leg-walker
57078,7.294332797745493,-6.437246648171347,4.100394144238481,single-leg-walker
57140,7.182277863727458,-5.901287211723464,5.416510170941872,single-leg-walker
57203,7.533910331838679,-5.017122590556056,2.514878665531054,single-leg-walker
57266,8.804057717434929,-3.921032069539137,0.825378907815598,single-leg-walker
57328,9.545381049849681,-4.189781682439917,-1.681246697520077,single-leg-walker
57391,8.401225807615205,-4.799099961923859,0.099938073436920,single-leg-walker
57453,8.189518414829637,-5.544721142910794,0.811268940205415,single-leg-walker
57516,8.395086136773578,-5.374705182064182,0.406607039764577,single-leg-walker
57579,8.635881725200395,-5.088879000000000,-0.464366170000000,single-leg-walker
57641,8.917235319639326,-4.937163274048137,-0.188171773366686,single-leg-walker
57704,9.073733191132280,-5.143040566132160,0.841448447209449,single-leg-walker
57766,9.193956609218462,-4.007011262524951,1.450526762525083,single-leg-walker
57829,9.167642000000001,-4.139827002805252,1.174593713552041,single-leg-walker
57892,9.208875515030053,-4.139462163326607,0.881943667334654,single-leg-walker
57954,9.397430999999999,-3.716178990831642,0.965294127500056,single-leg-walker
58017,8.726667529809623,-4.502108762775567,1.325213219313577,single-leg-walker
58080,8.818412356963998,-4.731092150049819,1.931171098221459,single-leg-walker
58142,8.289813105210440,-4.801533429859860,3.442534198263135,single-leg-walker
58205,8.069416325150284,-6.134160817635425,1.424273442485010,single-leg-walker
58267,8.536143122244496,-5.700595292184352,0.904795940000000,single-leg-walker
58330,8.370941944555796,-5.412402523547111,2.339467379492314,single-leg-walker
58393,8.075805238476956,-5.244086288376742,2.426143662825657,single-leg-walker
58455,7.917574080511021,-5.183449273296591,2.454025597444895,single-leg-walker
58518,7.779076233066133,-5.039000829959915,2.446045898847697,single-leg-walker
58580,7.501504907314630,-5.223045319514027,2.302273965731466,single-leg-walker
58643,7.358481335370749,-4.927109198697388,1.793800540581161,single-leg-walker
58706,7.576240231963920,-4.557354088527045,1.589513750901813,single-leg-walker
58768,6.709483724198382,-2.206936100000000,1.164143750801598,single-leg-walker
58831,8.984377696893873,-1.134192011748615,0.023080160706100,single-leg-walker
58894,7.015553008616857,3.763272314026587,2.404759284969691,single-leg-walker
58956,8.727188348697366,-2.053851196317764,4.632451626052057,single-leg-walker
59019,9.058157839679403,-3.098099459919807,2.772199695991968,single-leg-walker
59081,8.844253475450909,-3.424234082640368,3.107592404859583,single-leg-walker
59144,7.999122801102093,-5.645637820140343,0.203195573221373,single-leg-walker
59207,7.983974610946740,-4.097302810145153,1.663584637500061,single-leg-walker
59269,8.748231769038052,-3.023891961422803,4.071481228256546,single-leg-walker
59332,8.379140928356676,-3.516769341119836,4.134224437499927,single-leg-walker
59394,7.829827025100223,-8.101320495490869,2.628523873797625,single-leg-walker
59457,7.450514249999782,-7.310737967209814,2.853365267935743,single-leg-walker
59520,7.981120272043924,-6.511986626453137,2.170777383817793,single-leg-walker
59582,8.816301653056204,-5.022962446142354,0.356923388840325,single-leg-walker
59645,8.219760000000001,-5.680405457414807,0.575068419468892,single-leg-walker
59708,7.557993028807662,-6.284015145165401,3.007440829809576,single-leg-walker
59770,7.979374330961902,-5.359777417084288,1.790764270541192,single-leg-walker
59833,8.995298999999999,-4.107517496367699,-2.163577266858665,single-leg-walker
59895,9.083562296593218,-4.470101038076154,-1.723161844088203,single-leg-walker
59958,8.691441624624261,-4.984554181062105,-0.058864834944410,single-leg-walker
60021,8.582499597194385,-5.423479895791585,1.572904650000002,single-leg-walker
60083,8.916968850450901,-4.725119760521037,1.197234995090182,single-leg-walker
60146,8.995376416833674,-4.306931016432864,1.345264141683371,single-leg-walker
60208,9.044074062499984,-4.505957962975932,0.231029446981441,single-leg-walker
60271,8.739502013527058,-4.972626735771541,0.004787280000000,single-leg-walker
60334,8.556829612975948,-5.326729616282534,1.258385556112276,single-leg-walker
60396,8.830574836673364,-4.338359882665281,2.484598400000000,single-leg-walker
60459,8.663015517159309,-3.935379471568186,2.084193752254470,single-leg-walker
60522,9.083427624248689,-4.129225810621497,0.529776380059962,single-leg-walker
60584,9.088601178356644,-5.956700644814655,0.604317363211468,single-leg-walker
60647,7.622510804609176,-6.157046708617242,1.331564252304730,single-leg-walker
60709,6.814854052605265,-5.750161480210405,1.600546560521003,single-leg-walker
60772,6.950948442084202,-6.229767506412766,1.729359442484979,single-leg-walker
60835,7.413446630285487,-5.795573199398723,2.244095242484923,single-leg-walker
60897,7.830906195591146,-5.900241199599146,2.015137866533088,single-leg-walker
60960,7.530461621142305,-4.961241519288584,1.884569515255504,single-leg-walker
61022,5.762072058617353,-2.957171975952039,1.567522542585253,single-leg-walker
61085,6.336145558103155,-0.388094658377882,-4.901336613549834,single-leg-walker
61148,1.820442463952803,-9.159173527722347,0.386081187661477,single-leg-walker
61210,8.776141941883624,-2.819580950651521,3.698466551978943,single-leg-walker
61273,8.251064777555156,-4.900669087174219,2.128008479358733,single-leg-walker
61336,8.136004336923847,-5.627383241482973,2.219098698071122,single-leg-walker
61398,7.517209881763521,-5.046321045290627,1.884221681763537,single-leg-walker
61461,7.509626023046081,-6.052019319138269,1.946477903632261,single-leg-walker
61523,7.529727701503006,-5.836268014929860,2.922279608567134,single-leg-walker
61586,7.491304410971940,-6.346818245490981,2.953615096768528,single-leg-walker
61649,6.843608925751504,-6.247683743737459,2.839907627755501,single-leg-walker
61711,7.096610317710430,-6.980187668837661,1.706734936197345,single-leg-walker
61774,7.736777286072118,-6.758637141783460,1.599839038927812,single-leg-walker
61836,8.628710232590141,-5.553259323321549,1.090576501803626,single-leg-walker
61899,8.369672324649255,-4.993574748496898,0.631124727244567,single-leg-walker
61962,8.845886624999919,-4.770304156538106,-0.169286471422937,single-leg-walker
62024,8.926857442885737,-4.534974142284605,-0.747938154629247,single-leg-walker
62087,8.250544339303588,-5.231163798972867,-0.887222624924896,single-leg-walker
62149,7.932552130611207,-6.291018752805341,-0.990880606362769,single-leg-walker
62212,8.109036377504953,-5.696247029559061,0.060975467161896,single-leg-walker
62275,8.383592399298616,-5.573977141683156,-0.259045592985981,single-leg-walker
62337,8.147560536823658,-6.043015624999848,1.726349382239640,single-leg-walker
62400,8.329327826903810,-5.396274457414854,1.769744236397774,single-leg-walker
62463,8.612940355961896,-4.921636044839667,1.631215387500052,single-leg-walker
62525,8.885642879759535,-4.966040653306506,1.058353473346625,single-leg-walker
62588,8.701869951402815,-4.852611330260516,2.672993340380767,single-leg-walker
62650,8.760060785571129,-4.399951966533075,3.583312719038123,single-leg-walker
62713,8.627928512525047,-4.817869980836709,2.400310265556066,single-leg-walker
62776,9.855810056112194,-6.489815651703463,1.255898383667321,single-leg-walker
62838,8.747555914078161,-6.298269172645284,0.019746332343940,single-leg-walker
62901,7.769079506212437,-5.825443540330673,0.841491590330652,single-leg-walker
62963,7.068671186923851,-6.005693317384770,1.781371947269545,single-leg-walker
63026,6.741382722244490,-5.933305972194389,1.883185625000001,single-leg-walker
63089,6.760455127129251,-5.833708651528053,2.515627017835667,single-leg-walker
63151,6.731342986923845,-5.354404985470952,2.241727870641278,single-leg-walker
63214,6.219904937499981,-4.224961668587062,2.369334462900844,single-leg-walker
63277,5.495380305861744,0.764890355531096,0.608641738827641,single-leg-walker
63339,8.718486233714689,0.868392525028101,9.543517324898122,single-leg-walker
63402,9.391809410821232,-0.108860256104086,3.080255127254604,single-leg-walker
63464,7.886703532139236,-5.220608396994183,1.891405011272487,single-leg-walker
63527,8.207892735470978,-4.892399155811551,2.088736526803709,single-leg-walker
63590,7.893644687975939,-4.736795603456853,4.117931783191403,single-leg-walker
63652,7.468435177688651,-5.564044391182445,4.066460155644523,single-leg-walker
63715,7.203182525325635,-5.675673445466006,3.479280611723389,single-leg-walker
63777,7.472599092718807,-5.665424719973065,3.406717516967292,single-leg-walker
63840,7.731457700000000,-5.263763575976838,2.600764305761465,single-leg-walker
63903,7.890637199398706,-5.522592990981775,2.154458306012094,single-leg-walker
63965,8.029749080410614,-5.411288887248840,1.620348083416702,single-leg-walker
64028,8.041623715430868,-4.866610871743076,0.725891765130138,single-leg-walker
64091,8.186332940380757,-5.817552845941826,1.951951220641355,single-leg-walker
64153,8.058428489524502,-5.789269624703982,2.059960029367810,single-leg-walker
64216,8.435948049724432,-5.466313792334686,1.203111220966964,single-leg-walker
64278,8.574603730210425,-5.547872397294584,0.750725171492978,single-leg-walker
64341,8.356082873747484,-5.720646262900787,-0.470139217555089,single-leg-walker
64404,8.697725301853710,-6.078277531663356,-1.021724474999991,single-leg-walker
64466,8.748933791583172,-4.797317658316640,-0.190615786239985,single-leg-walker
64529,8.594770145791584,-5.132021720891789,1.520047810420850,single-leg-walker
64591,8.486869312500009,-5.029404833542081,2.787489854847204,single-leg-walker
64654,8.439533690380770,-5.203447302003975,2.678948592384789,single-leg-walker
64717,8.783538936999006,-4.276739370966944,2.531893092034050,single-leg-walker
64779,8.627273954408876,-5.060155400000000,2.035783732815748,single-leg-walker
64842,7.572055056137279,-5.524902663927828,0.125371092264513,single-leg-walker
64905,8.588476186873757,-6.197278131312639,0.361871381187417,single-leg-walker
64967,8.028269000000000,-6.505913700000000,1.599306525000087,single-leg-walker
65030,7.240111216432861,-5.499255826653347,2.175611806777173,single-leg-walker
65092,7.310083245866686,-6.602973835170313,2.970085166482924,single-leg-walker
65155,7.042089000000000,-6.323555748847757,2.620114920240443,single-leg-walker
65218,6.989647454108225,-6.003031041332656,2.518327663226461,single-leg-walker
65280,6.954606892184344,-5.972559259853003,2.322029155844938,single-leg-walker
65343,6.911105944263497,-4.927641693136257,1.765544606813589,single-leg-walker
65405,6.680155663326736,-3.145838018336906,0.828496863837792,single-leg-walker
65468,7.481817499473889,-0.356122325450993,-0.099831340988419,single-leg-walker
65531,12.451389306615946,-0.344310042490140,14.002525483969860,single-leg-walker
65593,11.247136856715080,-1.432037201528872,4.014441612099508,single-leg-walker
65656,8.953811702404924,-5.010301202404798,2.343402509519128,single-leg-walker
65719,8.104865000000000,-4.270193938827584,3.595391256187546,single-leg-walker
65781,7.645286600000000,-4.777604810420771,4.141798650300584,single-leg-walker
65844,7.679114024173500,-5.130678620015566,3.725938194589293,single-leg-walker
65906,7.981125414529060,-5.052950159819646,2.638520527855713,single-leg-walker
65969,7.874517121517916,-4.878967687499863,3.257561881488010,single-leg-walker
66032,7.752088840180358,-5.493950942084170,3.783069083867732,single-leg-walker
66094,7.338219386898992,-5.843786775300569,4.510699676327574,single-leg-walker
66157,6.814803865480981,-6.530497941432938,5.393614625000047,single-leg-walker
66219,6.956695150851623,-5.753658473823209,3.377884283065590,single-leg-walker
66282,8.104539631262563,-5.145692873346666,1.689929047494887,single-leg-walker
66345,9.444673395290515,-5.148367163577168,-0.420575535295618,single-leg-walker
66407,8.891181789579230,-5.420182819906513,0.624089287307975,single-leg-walker
66470,7.839766180435825,-5.465332761648988,2.945395789053383,single-leg-walker
66532,7.606988400000000,-5.744113006813793,2.077535743687413,single-leg-walker
66595,8.097285986973866,-6.048229482940902,0.269831365586348,single-leg-walker
66658,8.669380709418940,-5.587964999999875,-0.073900639735502,single-leg-walker
66720,8.830929812374853,-4.579424321944018,-0.627534238957890,single-leg-walker
66783,8.743205288577210,-4.017650528457007,-0.436098210771422,single-leg-walker
66846,8.543047796092177,-5.028997024323892,1.122178310746515,single-leg-walker
66908,8.331359733967881,-5.634629000000000,1.925604378206166,single-leg-walker
66971,8.968843308116240,-5.032441964027993,-0.226764216359425,single-leg-walker
67033,8.012664504509132,-5.819030155410595,-0.553161089939902,single-leg-walker
67096,8.056993000000000,-6.092449453181421,-1.384591271818651,single-leg-walker
67159,8.957001999999999,-5.670634151703721,-1.028075615310156,single-leg-walker
67221,8.038246593311767,-6.887811921743955,0.470230359424019,single-leg-walker
67284,7.174602774899780,-5.334540954411239,0.136427891970640,single-leg-walker
67346,7.346261407890786,-6.913192590155320,1.034172471092187,single-leg-walker
67409,6.741603607464830,-6.842731135270673,0.628117059118220,single-leg-walker
67472,6.391019000000000,-7.046470942134268,0.473453847314629,single-leg-walker
67534,6.360986057114179,-7.089962000000000,0.444780554033049,single-leg-walker
67597,6.198167809018037,-6.973652173722437,0.566911334218430,single-leg-walker
67660,6.755735076152461,-6.462607595190342,0.706896121443023,single-leg-walker
67722,7.220890416533051,-5.417574986973953,0.541053840505995,single-leg-walker
67785,7.285583082414844,-1.930022197795978,-0.090210005969553,single-leg-walker
67847,13.109328895788986,-6.758085539578484,7.596310481263165,single-leg-walker
67910,10.019489812123350,-3.896702218937426,2.398600062425389,single-leg-walker
67973,8.042928264654215,-5.549249206788891,2.416322079859644,single-leg-walker
68035,8.268275277054119,-5.581038009318703,2.797987871643243,single-leg-walker
68098,8.540685733216478,-3.376569926678538,1.124183344463921,single-leg-walker
68160,8.654443121242739,-4.555763998246951,0.901347022976231,single-leg-walker
68223,8.340061042835584,-5.255541249999720,1.490218495716441,single-leg-walker
68286,7.835875879258533,-5.714938214629361,2.339521711322502,single-leg-walker
68348,8.101085087174431,-5.209095963527146,3.573263445641344,single-leg-walker
68411,8.486648434869778,-5.404445856763436,3.767982943236564,single-leg-walker
68474,7.502797850476346,-5.777294932115271,0.915500198923240,single-leg-walker
68536,7.661960497996063,-6.907277932464854,1.196503466332791,single-leg-walker
68599,7.651299447194060,-5.171488284218109,1.731405203757633,single-leg-walker
68661,8.094082195390767,-4.569132867535038,2.242912675000086,single-leg-walker
68724,8.640811059493826,-4.592457431663509,1.065572725075434,single-leg-walker
68787,9.041214887775569,-4.147147028056142,-0.095117219794554,single-leg-walker
68849,9.235342717935856,-4.325700930736634,0.014361841000000,single-leg-walker
68912,8.897989812625253,-4.021411337474960,-0.523338929198390,single-leg-walker
68974,8.634519691007101,-5.001652562499861,0.170608017502592,single-leg-walker
69037,8.615560166332671,-5.001882955511046,0.251691984428867,single-leg-walker
69100,8.906830811873862,-5.202751978957650,-0.254363834208227,single-leg-walker
69162,8.620875016032070,-4.823247146793619,-0.462332296593196,single-leg-walker
69225,8.520866648296638,-5.845269000000000,0.429466533554451,single-leg-walker
69288,8.382296751502983,-5.681926372745435,1.104979174749412,single-leg-walker
69350,8.326126304358453,-4.602828521467169,0.294679167770475,single-leg-walker
69413,8.612639105210530,-4.240681000901903,-1.162033082915863,single-leg-walker
69475,9.119769000000000,-6.258877342559536,0.133082066742791,single-leg-walker
69538,8.795494635771536,-5.526380014929977,-0.022449370455818,single-leg-walker
69601,8.275746371993815,-5.731000292459995,0.446260389604333,single-leg-walker
69663,7.568690000000000,-6.232290619639206,0.815267091883751,single-leg-walker
69726,7.108355765556121,-6.201038729433851,0.880605345691332,single-leg-walker
69788,6.697908670340652,-6.296112756412778,0.972489461623208,single-leg-walker
69851,6.681282662775509,-6.352473994163264,1.240996881938885,single-leg-walker
69914,7.067920273045973,-5.841479315781800,1.054199415781800,single-leg-walker
69976,7.553567811648313,-5.499064303982999,0.631160679373764,single-leg-walker
70039,7.398516130661222,-3.441536351502641,0.006187965400626,single-leg-walker
70102,5.117007854209438,3.631454216430977,2.483437626484959,single-leg-walker
70164,8.383112993989828,-3.368921303605238,1.819742096394096,single-leg-walker
70227,8.031916653306585,-6.154597894338675,1.137487497795554,single-leg-walker
70289,8.266659346192524,-5.151339017284461,2.655443926953970,single-leg-walker
70352,8.502902451152298,-5.101741759243483,2.383662560921839,single-leg-walker
70415,7.794037461147258,-4.990688968186006,2.354156975225326,single-leg-walker
70477,7.781397861222447,-5.545836375951912,2.931599868011023,single-leg-walker
70540,7.869818604408929,-5.224362023046129,2.676809319038095,single-leg-walker
70602,8.167507710420837,-5.203214984744473,2.644617294213409,single-leg-walker
70665,8.203143733466904,-4.945106699398573,2.559372120040214,single-leg-walker
70728,8.279965756763598,-5.558053900200468,1.472438837500026,single-leg-walker
70790,7.990263480210057,-4.085295908716666,0.321908604659276,single-leg-walker
70853,7.929364435495912,-4.229873796793401,1.727104835896738,single-leg-walker
70915,8.468429874999904,-4.781317765931443,1.776215312324697,single-leg-walker
70978,8.691304801603176,-4.410994098772472,1.235595605936855,single-leg-walker
71041,8.926569627254656,-5.164784859819153,1.092526435270590,single-leg-walker
71103,8.759902886147310,-4.647077371242333,-0.179455853767581,single-leg-walker
71166,8.983365272545173,-4.376600635270450,-0.828199500000000,single-leg-walker
71229,8.811945741733531,-4.577460230987028,-0.949044726026972,single-leg-walker
71291,8.820664735471187,-4.207299640581353,-0.344617009589015,single-leg-walker
71354,9.181321598196588,-4.028163115857320,0.535489429909674,single-leg-walker
71416,9.596817117234426,-3.682377778757540,1.113517549999951,single-leg-walker
71479,9.297926355210359,-3.256648059769575,0.717063090581222,single-leg-walker
71542,9.015676991983950,-4.836505701603112,1.854212496392762,single-leg-walker
71604,8.405991760896942,-4.811504375000342,1.832295504734426,single-leg-walker
71667,8.620855881763495,-3.513163399999948,0.798286181202427,single-leg-walker
71729,9.190227695766309,-4.514863418912213,0.313398965777328,single-leg-walker
71792,9.715252821643260,-4.486564070140089,0.363459143847606,single-leg-walker
71855,9.602328878256550,-4.711580759393014,0.743880045259710,single-leg-walker
71917,9.036629074148292,-4.899114456913835,0.469661947996001,single-leg-walker
71980,8.511450369363638,-5.496130684118326,1.184506462950937,single-leg-walker
72043,7.889639365330663,-5.770764245691379,1.010922029579168,single-leg-walker
72105,7.441901543261570,-5.680856182615199,1.206543345115323,single-leg-walker
72168,7.125670013827644,-5.679009397795596,1.208140669338675,single-leg-walker
72230,6.970004037249520,-5.423988300000000,1.221308142785529,single-leg-walker
72293,6.943964315631238,-4.823208859318596,1.142970370340669,single-leg-walker
72356,6.996745950667886,-4.034593305778273,0.728478889111741,single-leg-walker
72418,8.129022370741522,-1.643552870741388,-0.139272441771621,single-leg-walker
72481,1.989616236850240,-4.797379904775302,-5.525214628253546,single-leg-walker
72543,7.741319754776839,-4.479624707414595,1.016454310354258,single-leg-walker
72606,8.720410075651417,-5.223550922043914,1.265942975000154,single-leg-walker
72669,8.513481855711364,-5.396895857715277,2.802765561923890,single-leg-walker
72731,7.979016862825199,-5.854843600000000,3.022220253406733,single-leg-walker
72794,7.715954101202554,-6.509252500000398,3.553984629959995,single-leg-walker
72857,7.912856336147349,-5.078785940881817,3.441342163978030,single-leg-walker
72919,8.210186000000000,-5.095018991984014,2.337468802003768,single-leg-walker
72982,8.278430195140270,-4.950153312499958,2.047226707014002,single-leg-walker
73044,7.805559728256338,-6.256975000000000,2.196949023647097,single-leg-walker
73107,7.989970700000000,-5.671461600551076,2.105091325350690,single-leg-walker
73170,8.853091272044173,-3.950446483817693,1.099280487254106,single-leg-walker
73232,8.799740437500018,-4.126244717535045,-0.559783180586179,single-leg-walker
73295,8.227818697394886,-5.549877781562917,0.539350893787556,single-leg-walker
73357,8.628777361723431,-6.673209250000027,0.149254736505516,single-leg-walker
73420,8.195267149298996,-6.253741971543761,-0.150535501943853,single-leg-walker
73483,8.550487854458918,-5.350634666332670,-0.375763119586670,single-leg-walker
73545,8.777156682364794,-4.473910001002085,0.105838224581178,single-leg-walker
73608,8.945522553607210,-4.470394099498986,-0.226932909694382,single-leg-walker
73671,9.072011000751584,-4.401760343186271,0.057620047702025,single-leg-walker
73733,8.994404435370745,-4.346270275851725,0.527809631250014,single-leg-walker
73796,8.765511000000000,-4.738740488727416,0.731969381447961,single-leg-walker
73858,8.832879789328652,-5.195426944764649,0.930737472500040,single-leg-walker
73921,7.883825534268421,-4.838290077154077,0.383279819999907,single-leg-walker
73984,8.923689579408824,-5.515941855460954,0.436438801042110,single-leg-walker
74046,8.535279190380821,-6.166237539679329,0.702060861422856,single-leg-walker
74109,7.804758692572661,-5.947294009782079,0.861554541603230,single-leg-walker
74171,7.560180254859563,-6.056974606713271,1.373949400000000,single-leg-walker
74234,7.409033485621196,-5.978020250626243,1.514982374248478,single-leg-walker
74297,7.172439414929932,-5.567237643036079,1.535978186072159,single-leg-walker
74359,7.167666388251481,-5.460070817710465,1.339529471267459,single-leg-walker
74422,7.424303974148256,-5.169907698998014,1.214846657715408,single-leg-walker
74484,7.511221413827588,-3.949650206137724,1.086662232765374,single-leg-walker
74547,8.059853931863691,-0.518220680035109,0.066322775651319,single-leg-walker
74610,4.123476770890416,4.447184241355933,-1.447845228465656,single-leg-walker
74672,7.669261282014171,-5.473761172995935,1.829436543487068,single-leg-walker
74735,8.548995958166351,-4.511179518362212,1.812613952304297,single-leg-walker
74798,8.540182064629262,-3.952389056462922,2.291528991833660,single-leg-walker
74860,8.298482661260078,-5.104986801102271,2.286419192748038,single-leg-walker
74923,8.156632999999999,-4.998448365731463,2.630346520841683,single-leg-walker
74985,7.894651928006045,-5.390568469964564,2.858646585320691,single-leg-walker
75048,8.090743092184375,-5.395744373747507,2.553654209218427,single-leg-walker
75111,8.002272148046112,-5.891688698772742,2.715781426127195,single-leg-walker
75173,8.153429028056145,-6.170804000000000,2.223168750901831,single-leg-walker
75236,7.773708511021388,-6.808510233265749,2.400403755510694,single-leg-walker
75298,7.614073867792703,-6.362295600000000,3.325397228571469,single-leg-walker
75361,8.180403745491232,-5.645169614478935,3.125127435997017,single-leg-walker
75424,9.042668357715424,-3.759526011022062,0.525344040130189,single-leg-walker
75486,8.599384415581076,-4.796605020290452,-0.160249169220877,single-leg-walker
75549,8.517741856713368,-5.244412713426735,-0.218228975731483,single-leg-walker
75612,8.633478644288500,-5.296490161573018,0.216422966036793,single-leg-walker
75674,8.755139682364739,-4.912536357314568,-0.718897894789624,single-leg-walker
75737,8.868134173847727,-4.344758997269508,-0.851392367384723,single-leg-walker
75799,8.756933480460880,-4.474063507615117,-0.865001095390844,single-leg-walker
75862,8.635032639529063,-5.292770042935757,0.136581392487437,single-leg-walker
75925,8.425301345691222,-5.223546308617557,0.640334689689839,single-leg-walker
75987,8.777073134018071,-5.012282400000000,1.068520522620304,single-leg-walker
76050,8.157386641533027,-5.033894679233486,1.039753566357749,single-leg-walker
76112,8.170462820891721,-5.138610711222318,0.726795947414792,single-leg-walker
76175,8.790059963927916,-7.650447793588622,1.291299265331164,single-leg-walker
76238,8.041585538076136,-6.543276615480965,0.864159224048106,single-leg-walker
76300,7.601059139278427,-6.767616924849587,1.372582290030109,single-leg-walker
76363,6.864310020891785,-6.533258407439879,1.505235014879759,single-leg-walker
76426,6.409803685120309,-6.213434095090267,1.670760800000000,single-leg-walker
76488,6.403922509519034,-5.877321760596189,2.221194950475955,single-leg-walker
76551,6.843575317485047,-5.710270644789407,1.890975700000000,single-leg-walker
76613,7.391735802680339,-4.721179279759470,1.898617067860697,single-leg-walker
76676,7.665452555110007,-1.705816348297006,0.749089425731321,single-leg-walker
76739,14.913288913074448,-10.898452161821861,10.261274085671339,single-leg-walker
76801,10.235003713427339,-5.873973700797456,2.470908127857763,single-leg-walker
76864,8.795632862725348,-3.395829282690408,3.957495359719444,single-leg-walker
76926,8.488423627254566,-3.679691525450732,3.117900996994123,single-leg-walker
76989,8.319660066633238,-5.198353066633239,3.114214492535022,single-leg-walker
77052,8.283092829659244,-5.086916988476979,3.317115086372995,single-leg-walker
77114,7.873044576427930,-5.107898624273631,3.099336986047061,single-leg-walker
77177,7.751690927555059,-5.950258399549039,2.598078201553097,single-leg-walker
77240,7.641657742936077,-6.235521032740921,2.533353825000157,single-leg-walker
77302,7.245157031129017,-6.424059780227231,2.819394666666740,single-leg-walker
77365,7.567485992234516,-6.040974339754344,2.319480390605929,single-leg-walker
77427,7.729529355410789,-5.343924108867840,1.960247336472984,single-leg-walker
77490,8.502784871242334,-4.662619376252556,0.962627087499898,single-leg-walker
77553,7.923850806613211,-5.451133826653335,2.320478280661347,single-leg-walker
77615,8.191733977204430,-5.682502000000000,0.762770120626583,single-leg-walker
77678,8.704819748997991,-4.622080750250498,-0.050304817328661,single-leg-walker
77740,8.640889891533082,-4.627637881037246,-0.714966876437704,single-leg-walker
77803,8.844745264028054,-4.924111226402792,-0.956966740255515,single-leg-walker
77866,8.606699437374571,-4.929672693637115,-0.107732991329766,single-leg-walker
77928,8.556980611222443,-5.292582897094187,0.852174255541086,single-leg-walker
77991,8.505545879008034,-5.062188967810473,2.110607792560250,single-leg-walker
78054,8.679262374498990,-5.113007150150319,1.374026175100208,single-leg-walker
78116,8.251463339929829,-5.127285240104781,1.792251228957946,single-leg-walker
78179,7.940965877154301,-5.240939665330655,0.025586524569091,single-leg-walker
78241,8.506997000000000,-7.269734495942012,0.652283715178071,single-leg-walker
78304,7.900796752605177,-7.065584270641240,1.715841814829751,single-leg-walker
78367,7.138024473346682,-6.229198886522987,2.390179135195308,single-leg-walker
78429,6.890172373747463,-6.062164532164315,2.415916874749493,single-leg-walker
78492,6.917250639178503,-5.968081190506036,2.052085807815656,single-leg-walker
78554,6.917619700000000,-5.840669067134261,1.958371757715415,single-leg-walker
78617,7.217342837725397,-5.387220377930952,1.278129517735355,single-leg-walker
78680,7.701940813560515,-4.987229807682043,1.421822200000000,single-leg-walker
78742,7.792286674799435,-3.769573044939086,1.208370940806285,single-leg-walker
78805,7.493398586172055,-0.228523073778545,-0.302433312926021,single-leg-walker
78867,10.205589560747885,3.449065110416502,10.552069490984000,single-leg-walker
78930,9.187807725450270,-1.131592118637190,4.922772593186044,single-leg-walker
78993,8.798474409819603,-4.216500024999927,2.058564142009100,single-leg-walker
79055,8.716850317635227,-3.833038031162240,2.847251764128193,single-leg-walker
79118,8.178828464053099,-5.373707530636088,1.711090553281523,single-leg-walker
79181,8.277821129008077,-5.232406179208644,1.437105050400892,single-leg-walker
79243,8.273357573146285,-5.680527526452882,2.789780411823624,single-leg-walker
79306,7.602431174699142,-5.429466553355946,2.851170767835288,single-leg-walker
79368,7.915811249999996,-6.437999782414829,3.925895909744486,single-leg-walker
79431,7.455949225050443,-6.618376494589592,4.817414168487478,single-leg-walker
79494,7.197548535696402,-6.290232037575169,5.032079267134271,single-leg-walker
79556,7.386140053907370,-5.115760355510424,2.725171292184522,single-leg-walker
79619,8.527019131596559,-4.677760988644058,-0.484388358901169,single-leg-walker
79681,8.234438341683243,-4.844832882765489,0.703308062775719,single-leg-walker
79744,8.491565252880788,-5.338191755761438,0.931567306365239,single-leg-walker
79807,8.636406800601078,-4.797809399298211,0.596927767560158,single-leg-walker
79869,9.099513974949883,-4.110674117985898,-0.217638968797630,single-leg-walker
79932,9.213849799599270,-4.332488500000000,-0.177964019945129,single-leg-walker
79995,9.019000704659303,-4.565729460170406,-0.351512512402283,single-leg-walker
80057,8.822957000000001,-4.442380140280305,0.355726575024898,single-leg-walker
80120,8.685591220440838,-4.975312911823665,1.148810567710481,single-leg-walker
80182,9.034893147795456,-4.600317359619265,0.607984600000000,single-leg-walker
80245,8.463739187124128,-5.379777914854761,1.577495131137335,single-leg-walker
80308,7.758075497645284,-5.700302696893872,2.339070768236407,single-leg-walker
80370,8.455311442885842,-5.298289010020237,1.338193540430815,single-leg-walker
80433,9.053558101202459,-5.199600224198422,0.671667875000020,single-leg-walker
80495,8.450703640907097,-5.114506179109807,1.290174438252091,single-leg-walker
80558,8.061041536072159,-5.517244469839705,1.616815164178335,single-leg-walker
80621,7.968989000926796,-5.963370713927957,1.812546796142227,single-leg-walker
80683,7.553330366232471,-5.739814587675372,1.586383818837695,single-leg-walker
80746,7.532931944764661,-5.549992937500151,1.828503574749593,single-leg-walker
80809,7.415415750250502,-5.336594494639289,1.834425315731455,single-leg-walker
80871,7.149514019564084,-4.396249893862594,1.690751750463409,single-leg-walker
80934,7.290878876603218,-2.192631961172316,0.979507271242483,single-leg-walker
80996,19.116119054361327,-12.463762971445989,6.653101077901355,single-leg-walker
81059,9.473164313627343,-6.281410639779260,1.070225679659415,single-leg-walker
81122,8.391598331412784,-4.279574054108584,2.874133272695146,single-leg-walker
81184,8.216229987975918,-5.799410709418827,3.198661037274571,single-leg-walker
81247,7.985982166132251,-5.218943484894621,3.735671185420894,single-leg-walker
81309,7.678423352705426,-5.471612064128267,3.352218619238430,single-leg-walker
81372,8.033807385771473,-5.236845698271287,2.543391300601225,single-leg-walker
81435,8.237221466933843,-5.112958937675278,2.197783817835678,single-leg-walker
81497,7.908310968136363,-5.082812917334739,2.443793933466884,single-leg-walker
81560,7.937938812124353,-6.040122852304617,2.197874867635295,single-leg-walker
81623,7.836959982915937,-6.328921160997073,2.240948423973235,single-leg-walker
81685,7.868451285521166,-7.168875385520860,1.372990057915946,single-leg-walker
81748,8.312519808867743,-5.852118271543048,0.220523087578919,single-leg-walker
81810,7.882588014128245,-6.122345957414929,0.922621167154353,single-leg-walker
81873,8.178158938627282,-5.508905125375746,1.433111637124299,single-leg-walker
81936,8.124446715931819,-6.263959290882032,0.223275295451080,single-leg-walker
81998,8.699029719438853,-4.629360196392857,-0.181043620738944,single-leg-walker
82061,9.058742719439032,-3.955080159819961,0.135674777074134,single-leg-walker
82123,8.974865445891760,-4.114168539829610,0.273822362565106,single-leg-walker
82186,9.145057846693154,-4.114259370641147,-0.147139314651109,single-leg-walker
82249,9.382296958166336,-4.083087025551095,-0.986026204233452,single-leg-walker
82311,8.959150929859652,-3.862797847895809,-1.646872446492834,single-leg-walker
82374,8.707129965180359,-4.811904934769542,-1.244815140280560,single-leg-walker
82437,8.313140781563076,-5.543766312374585,1.173075500049771,single-leg-walker
82499,8.097336556112229,-4.787239483667370,1.265928631988948,single-leg-walker
82562,8.536444669338618,-5.112479594188535,1.941798558867755,single-leg-walker
82624,8.437948833542080,-5.682222280936866,1.380029441708426,single-leg-walker
82687,8.428548975951809,-5.095853283566931,0.940532704809768,single-leg-walker
82750,8.994579492234450,-5.520453535946912,0.828739147920855,single-leg-walker
82812,8.461355493486906,-6.386557935370878,1.415130564228662,single-leg-walker
82875,7.734064584544070,-6.287452161548151,1.989328326953890,single-leg-walker
82937,7.169148649699410,-6.380657736472903,2.299074481763591,single-leg-walker
83000,6.857625536097179,-6.209102600000000,2.108643462700386,single-leg-walker
83063,6.693260655110092,-5.953332937875777,1.870483441082242,single-leg-walker
83125,6.756672740205420,-5.107152642935773,1.647498425551129,single-leg-walker
83188,6.985236611723401,-4.465343039078249,1.524149169539063,single-leg-walker
83250,7.372253528331727,-3.686364146943825,1.118014604584095,single-leg-walker
83313,8.606541524799622,-1.859743299949993,-0.023802099597757,single-leg-walker
83376,5.376528027088333,4.212669000936803,-2.148251276717634,single-leg-walker
83438,8.245831388026218,-3.469636549197988,2.005966245791697,single-leg-walker
83501,8.398796176102378,-3.987224156587989,0.913106565456167,single-leg-walker
83564,8.124015000000000,-4.770865268937813,3.246783293186350,single-leg-walker
83626,8.158974228206572,-5.082477277805631,4.140942402580221,single-leg-walker
83689,7.754333986472955,-4.764307972294605,3.452271848196403,single-leg-walker
83751,7.608616938151188,-5.044961021918560,2.308265262499608,single-leg-walker
83814,7.855927000000000,-5.800034715731461,2.136949847194394,single-leg-walker
83877,8.230591555861656,-5.935599222069173,3.592150963652083,single-leg-walker
83939,8.005987217434884,-5.560641546593164,4.104440472444895,single-leg-walker
84002,8.303434082790792,-5.817337061397064,3.652315913376638,single-leg-walker
84064,9.225213724448894,-4.189119587825641,0.060620497049066,single-leg-walker
84127,8.704261302855725,-4.886407627755765,-0.097014373106368,single-leg-walker
84190,9.085346849699430,-4.619763814829686,0.680858685972019,single-leg-walker
84252,8.927997088802982,-4.981802855210510,1.587141654584523,single-leg-walker
84315,8.749786125250507,-4.697799357114339,0.917095130711412,single-leg-walker
84378,8.792938352204542,-4.095194585796627,-0.072240921592140,single-leg-walker
84440,8.977834109719405,-4.441070737224421,-0.242573126888771,single-leg-walker
84503,9.214859230836648,-4.247954340005072,0.572960218042460,single-leg-walker
84565,9.066913530394178,-3.818295765263872,1.084953698129548,single-leg-walker
84628,8.903178328156255,-4.082329090531103,1.235137462474917,single-leg-walker
84691,9.220023268537064,-3.806444286773567,1.144716439679379,single-leg-walker
84753,8.951569290831657,-4.101408678832652,1.097848559143253,single-leg-walker
84816,8.802820264028220,-4.459270020040150,1.587228015731252,single-leg-walker
84878,8.692192402930909,-5.246269108091150,2.235921318386917,single-leg-walker
84941,7.981067493787537,-5.685917174348685,2.813548852705398,single-leg-walker
85004,7.780373650976904,-5.650482524599145,1.427662400977027,single-leg-walker
85066,8.811483150300520,-5.649902050100446,1.820116225050141,single-leg-walker
85129,8.591391092434892,-5.608109337299611,2.831059907565109,single-leg-walker
85192,7.764752539779511,-5.504724725350560,3.039923000000000,single-leg-walker
85254,7.379753037049101,-5.739306269589167,2.977366843687369,single-leg-walker
85317,6.893064957164347,-6.187478089879830,2.751448557865767,single-leg-walker
85379,6.401811951477954,-5.636456363351700,2.265601951477954,single-leg-walker
85442,6.331240347444853,-5.465116864729197,2.264134175000150,single-leg-walker
85505,6.270639196893802,-4.051163946893737,1.910124800000000,single-leg-walker
85567,6.949418305260536,-1.784878421493484,0.234149804659773,single-leg-walker
85630,16.566090630258632,-8.292509471937816,18.806211699398304,single-leg-walker
85692,11.635398441883011,0.017407838431376,3.815572586974316,single-leg-walker
85755,8.039903799599143,-4.740405163226830,2.352559635320542,single-leg-walker
85818,7.995582869188354,-4.494267639879924,2.738156432865532,single-leg-walker
85880,8.185870102705296,-5.169241022294602,3.732517229058046,single-leg-walker
85943,7.817628400000000,-5.451316393788091,3.410927441232342,single-leg-walker
86006,7.417854924048089,-6.003609365531141,3.927711614579103,single-leg-walker
86068,7.156984000000000,-6.247400800000000,4.246317400000000,single-leg-walker
86131,6.983476042635252,-6.130632612975998,4.026102500000000,single-leg-walker
86193,6.828033254509100,-5.917107245491559,3.719716800000000,single-leg-walker
86256,7.429590463552008,-6.220826250000768,2.299695717610437,single-leg-walker
86319,7.969128496492898,-5.260438984318795,1.181263747144458,single-leg-walker
86381,8.242020590681351,-5.583160765656251,0.765015072500098,single-leg-walker
86444,7.730973229458949,-5.860868451402770,2.103606695190341,single-leg-walker
86506,7.805064487725377,-5.942641973885175,1.618952220979564,single-leg-walker
86569,8.386633655310606,-5.477598593587215,1.000810227214455,single-leg-walker
86632,8.511273030811699,-5.413392061623399,0.147383952998649,single-leg-walker
86694,8.344569979458925,-5.979653979458925,0.630146152855694,single-leg-walker
86757,8.280524190631246,-6.027490183843103,1.571393533391384,single-leg-walker
86820,8.597955000000001,-5.914684700000000,3.485140000000000,single-leg-walker
