19201,-10.733082250000001,0.244151280000000,1.699484525000000,four-leg-walker
19263,-11.011647211927672,-1.571232248668928,-0.114512343663315,four-leg-walker
19326,-11.154414125665623,-6.876323981629286,-0.130653487284357,four-leg-walker
19388,-8.930388356229743,-1.149757888498618,0.787729353546372,four-leg-walker
19451,-9.874471591054245,0.577369449334368,2.296716811235192,four-leg-walker
19513,-9.931546877529334,-1.087222470181009,3.660974311182104,four-leg-walker
19576,-7.722609682268359,-3.521939244728433,1.996119860463245,four-leg-walker
19639,-5.892224310969054,-4.080213169488753,3.058970134078800,four-leg-walker
19701,-3.528225400000000,-6.062690227529280,1.983580782747863,four-leg-walker
19764,-6.976046115015938,-6.024065864217134,1.997366473482506,four-leg-walker
19826,-8.247522390042642,-4.005031334185388,3.527990988418640,four-leg-walker
19889,-8.639827193823178,-3.747879617678395,3.307403842279001,four-leg-walker
19951,-8.460317488817889,-3.906130009584669,1.293804575143792,four-leg-walker
20014,-16.867418329606124,-10.681041423855637,11.723761575081285,four-leg-walker
20077,-3.911218309319080,-4.357651049760631,2.668240921112513,four-leg-walker
20139,-5.191912535942391,-1.076518603530184,4.809343016054324,four-leg-walker
20202,-7.084589845447261,-2.779670035409914,4.450985321086241,four-leg-walker
20264,-7.224232764723136,-1.255585310324761,4.478972321911623,four-leg-walker
20327,-7.454468497657121,-4.597598856762626,2.421604250968822,four-leg-walker
20389,-6.950462923855210,-3.796741388498261,1.976473783173811,four-leg-walker
20452,-5.935049555910588,-4.088770784664383,6.806528680511447,four-leg-walker
20515,-6.455548047843346,-6.575688742891248,2.852110050719444,four-leg-walker
20577,-12.461180529819137,0.401134811235525,-8.051091425985279,four-leg-walker
20640,-3.917488947390829,-14.252319445154416,4.855796035729487,four-leg-walker
20702,-12.871956709265259,2.743784474760423,1.931782316772910,four-leg-walker
20765,-9.153910183528451,-2.557456247142873,-2.844896964607892,four-leg-walker
20827,-3.315280763258861,-14.929855241746296,3.397821804046954,four-leg-walker
20890,-11.616129191693600,5.585685215335947,-3.137366250798531,four-leg-walker
20953,-7.013617826304616,-8.789107443024216,-0.633037491746601,four-leg-walker
21015,-7.994773506389767,-1.257494675612407,-1.830581484877530,four-leg-walker
21078,-10.052523912140567,0.471019428562259,0.125234021214066,four-leg-walker
21140,-8.035911545793383,-8.092920288658089,-0.281745966890358,four-leg-walker
21203,-10.579927737220380,-0.547503768197273,0.081490828777768,four-leg-walker
21265,-8.768579126730478,0.243672061554711,0.908048639297168,four-leg-walker
21328,-9.441195121405734,-0.525922765559122,-0.112595401563368,four-leg-walker
21391,-10.881105625133120,-2.078500501703941,0.926366751709265,four-leg-walker
21453,-9.310968728434508,-6.561326957667763,1.845810063897771,four-leg-walker
21516,-10.000729765708051,-3.712038666240709,0.881823145921184,four-leg-walker
21578,-7.867806007028696,-0.678279600117119,0.713304760000000,four-leg-walker
21641,-7.097303472204496,-3.135576736741262,-1.164257342811720,four-leg-walker
21703,-8.978978366347215,-5.177718172204469,1.972123223216176,four-leg-walker
21766,-5.790692126597438,-4.065402678354635,2.765786159451545,four-leg-walker
21829,-5.019685148562312,-6.638336309904244,2.746170564856265,four-leg-walker
21891,-6.922432664110827,-5.464693063897800,3.103681958679450,four-leg-walker
21954,-8.416089238551480,-5.419736361821158,2.727159174813739,four-leg-walker
22016,-9.025705757188369,-6.141254530351388,2.878715373162947,four-leg-walker
22079,-8.053362373269472,-2.870568512566535,1.503093890841337,four-leg-walker
22141,-9.600203938099037,-0.624220027223090,0.014105652675453,four-leg-walker
22204,-7.178320219808199,1.341654418530361,7.154460119009516,four-leg-walker
22267,-6.937199867199110,-0.473940730000000,3.770161636634721,four-leg-walker
22329,-8.365203589989370,-3.447978639084095,2.956127619275889,four-leg-walker
22392,-8.818583512779490,-2.060396445846647,3.884579809904276,four-leg-walker
22454,-8.505296680244907,-3.584724610729455,2.662874826118220,four-leg-walker
22517,-7.198198460489918,-3.785056134824288,1.322426211608074,four-leg-walker
22579,-8.790669915335554,-2.843858564057542,3.864268142012877,four-leg-walker
22642,-7.275151665814809,-2.575674123003210,2.261457209797436,four-leg-walker
22705,-7.172248053780846,-6.941041141267396,1.309160583493203,four-leg-walker
22767,-7.667463856230016,-7.067050493610168,4.485436850159720,four-leg-walker
22830,-7.278827416187463,-6.501156978114997,7.220324826357826,four-leg-walker
22892,-2.609730512779572,-9.697168719914858,5.916512369542057,four-leg-walker
22955,-19.603912000000001,19.276898755590828,-15.179907624000208,four-leg-walker
23017,-11.332106694622526,0.918444072284505,-0.740340896179003,four-leg-walker
23080,-8.103549891906360,-1.218719681389966,-1.930178872071510,four-leg-walker
23143,-0.183828520639143,-15.018952571885118,6.463761274760628,four-leg-walker
23205,-12.940630126730538,2.253590455644285,-3.123562596645374,four-leg-walker
23268,-8.422614862353530,-5.509104367012924,2.150750623881823,four-leg-walker
23330,-7.345890361182244,-5.599726184504534,1.128299249999920,four-leg-walker
23393,-9.474619000798636,0.710480295782603,2.630220490042586,four-leg-walker
23455,-6.889650845846669,-7.728250685569654,2.175217245154476,four-leg-walker
23518,-9.269765201677332,-2.074788952875453,-1.434570476038390,four-leg-walker
23581,-9.132389508519701,-0.954098835005325,3.496243933493078,four-leg-walker
23643,-9.620347898828516,-4.463004379126714,2.589826797657078,four-leg-walker
23706,-10.127001788338715,-1.733041365734848,0.484723593011188,four-leg-walker
23768,-8.751377567758304,-1.787926813151999,2.452685801517660,four-leg-walker
23831,-9.583038527156457,-10.460309565495276,1.662868718636693,four-leg-walker
23893,-7.349438727236439,-6.362670003194980,2.229014179712427,four-leg-walker
23956,-6.918109429446214,-1.441639192598508,3.403134404153371,four-leg-walker
24019,-6.884450585622915,-6.309334482960624,0.825915448200259,four-leg-walker
24081,-5.008810260383414,-4.050742521565271,0.636983573211146,four-leg-walker
24144,-5.653517847444232,-4.526238266240843,4.452540221246153,four-leg-walker
24206,-5.046022588924299,-6.262002178913800,3.489764011927491,four-leg-walker
24269,-7.928837413738056,-8.120298178594201,2.655426358306735,four-leg-walker
24331,-5.877643325452594,-3.408100039190605,3.598540935676212,four-leg-walker
24394,-6.969910585143893,-2.679362755750702,3.417376292119210,four-leg-walker
24457,-9.376768385782896,-2.469257745607456,1.438134138817502,four-leg-walker
24519,-11.417241961306567,-2.565654373909759,-11.207716076322878,four-leg-walker
24582,-12.709622466986319,0.041173681070035,1.473324965734682,four-leg-walker
24644,-10.742863296325865,-2.717852175000021,2.352198827476046,four-leg-walker
24707,-8.151601301650722,-6.424229058572960,3.826510365601712,four-leg-walker
24769,-7.309820195953187,-5.325010759212034,3.228681439616656,four-leg-walker
24832,-6.585117936022320,-3.817672456868826,4.922249439696570,four-leg-walker
24895,-6.140902628993672,-3.401989781948975,5.529749517997791,four-leg-walker
24957,-7.895364327901958,-6.661989937061133,-1.000324896952691,four-leg-walker
25020,-11.492164356230075,-1.654318782428061,-1.537099359233331,four-leg-walker
25082,-5.171657083865889,-12.359383166400409,8.268298220580354,four-leg-walker
25145,-13.288070353035112,1.970659162459855,-5.865058036155457,four-leg-walker
25208,-10.646643841054173,-3.002955349681208,3.744746579872777,four-leg-walker
25270,-0.697545985596193,-8.345388808040722,2.643483613605030,four-leg-walker
25333,-9.568327892705094,0.001532032076392,1.854505132774253,four-leg-walker
25395,-7.569529259242357,-8.726836420812417,0.612149136202639,four-leg-walker
25458,-10.125923253461117,-1.163237744728391,-1.661532963258825,four-leg-walker
25520,-9.361480165335422,-3.193661438418735,0.332491667420213,four-leg-walker
25583,-7.097303415654618,-5.387770447284598,1.333693442492102,four-leg-walker
25646,-9.588524833599608,-1.259120977848769,0.732520127502656,four-leg-walker
25708,-9.111915010250280,-4.710882657507952,-0.620029254121498,four-leg-walker
25771,-8.156761303514378,-4.083381878115016,0.354373459584664,four-leg-walker
25833,-9.265803158679423,-4.608825223216236,0.711744676091710,four-leg-walker
25896,-9.333534386048981,-4.483351541906357,2.838260701437648,four-leg-walker
25958,-8.876611581469856,-6.390437941214066,2.453549989137416,four-leg-walker
26021,-8.577809636315346,-6.024876088791381,1.416354375000236,four-leg-walker
26084,-7.053177896379145,-5.068450097177825,0.568513731927607,four-leg-walker
26146,-5.385690000000000,-4.506261027236422,1.653722388738010,four-leg-walker
26209,-5.132479406602792,-4.722812512247104,2.164579883919128,four-leg-walker
26271,-4.909164876730603,-6.250831591746572,2.112164406629439,four-leg-walker
26334,-4.913263696485616,-6.470154353993547,3.074581084983982,four-leg-walker
26396,-4.526911367465372,-5.583793951224813,1.485601670021447,four-leg-walker
26459,-7.291751865814704,-7.782868294994764,3.356586918849860,four-leg-walker
26522,-7.511579484025561,-6.485755539137374,2.062055976118203,four-leg-walker
26584,-8.097360462593199,-3.771729425186401,2.649435877795543,four-leg-walker
26647,-8.104411051650640,-1.922526334691156,2.370343647577173,four-leg-walker
26709,-8.415992996805505,-2.138109415654425,1.395484557827890,four-leg-walker
26772,-5.965884153993054,-6.193593488178749,4.412674081682699,four-leg-walker
26834,-6.712225604233171,-6.016642463791236,2.734268655431348,four-leg-walker
26897,-6.823357946405762,-3.316468699920170,4.294710299840249,four-leg-walker
26960,-7.296161844249258,-2.246366220394159,3.811205205804008,four-leg-walker
27022,-6.874743444515540,-2.445402942704930,3.672904464963136,four-leg-walker
27085,-7.931185216453774,-2.698068310782907,2.401754072364462,four-leg-walker
27147,-8.803813215921259,-5.103521135702859,4.427102466533475,four-leg-walker
27210,-8.802755086261993,-6.309255599707116,2.600986926064968,four-leg-walker
27272,-8.715067289137393,-6.170804000000000,2.312776417252378,four-leg-walker
27335,-7.735454893237537,-4.473764225000073,3.468231536261762,four-leg-walker
27398,-6.907331629073591,-3.091966202343106,3.491161042491637,four-leg-walker
27460,-8.925899433705922,-6.346059887380307,2.944911437859183,four-leg-walker
27523,-10.864824540734942,-5.511816177449493,-0.091674627603907,four-leg-walker
27585,-8.476499392971240,-2.254192041001052,2.933445519382328,four-leg-walker
27648,-6.376060594888215,-4.505626141533632,1.011247973738002,four-leg-walker
27710,-7.905451683386333,-4.458467091693338,2.216322161075607,four-leg-walker
27773,-9.112615791799778,-4.434232395899889,1.563018972018113,four-leg-walker
27836,-8.178249840255651,-5.552312038338587,-0.296796085175763,four-leg-walker
27898,-9.318443699147993,-5.913917520447303,0.220383126687233,four-leg-walker
27961,-9.690164405750798,-1.372358702209800,0.513171972313633,four-leg-walker
28023,-6.469654875612319,-7.329315682002101,2.176132581043584,four-leg-walker
28086,-8.686761711395153,-4.216808579659015,-0.302832435697454,four-leg-walker
28148,-9.195114247870103,-1.887006677076514,1.744147949334377,four-leg-walker
28211,-8.286598463258830,-3.446979478274728,2.418830655591041,four-leg-walker
28274,-8.728328534611281,-3.051865718237502,2.287491391906227,four-leg-walker
28336,-8.938902388711410,-7.953552336883202,0.970485499858023,four-leg-walker
28399,-8.290467501597425,-5.304811420127781,1.502640017092634,four-leg-walker
28461,-6.961801592971338,-3.399983540575118,2.101616000000000,four-leg-walker
28524,-6.499462975612233,-5.313879452751300,3.034093874263490,four-leg-walker
28586,-6.487315180724185,-5.796845854526081,4.229921403620923,four-leg-walker
28649,-4.939239475239617,-5.694247962779558,3.332981962353541,four-leg-walker
28712,-4.976523197018111,-5.089592412140589,4.372030814483459,four-leg-walker
28774,-4.639532130990342,-4.977685535942759,3.067423113737378,four-leg-walker
28837,-7.092806726916891,-8.406326171725029,2.675378387699691,four-leg-walker
28899,-8.767268792864783,-6.891348557507873,1.716527984451585,four-leg-walker
28962,-9.170609022364223,-3.776215756389732,3.274698626517536,four-leg-walker
29024,-7.591841215921187,-3.201604546538894,2.129217979552709,four-leg-walker
29087,-8.179422847444124,-2.866986928620820,-0.235670297566619,four-leg-walker
29150,-7.203143974441407,-5.124974778913786,3.633270407667291,four-leg-walker
29212,-7.633374293663142,-2.125091066213618,3.505132871193049,four-leg-walker
29275,-8.085393284096698,-2.175479764998372,2.952847730706818,four-leg-walker
29337,-7.100393120606990,-4.146855167252347,4.902358459265081,four-leg-walker
29400,-6.892638619994674,-5.087007944888180,3.178863632907350,four-leg-walker
29462,-6.290492830670884,-5.816725300452564,0.586241731329860,four-leg-walker
29525,-8.425582624361528,-9.496312266773447,1.020876021198756,four-leg-walker
29588,-9.578096353966894,-4.169642136740992,1.025467013658236,four-leg-walker
29650,-9.538813926517493,-5.025239519435554,2.259739025346234,four-leg-walker
29713,-6.826103455191689,-6.964353484424837,5.986011981869071,four-leg-walker
29775,-6.163962529552708,-6.688240812832801,3.150027806576138,four-leg-walker
29838,-13.883309383652893,7.275332743157825,-5.550412650452277,four-leg-walker
29900,-7.062107971656676,-7.387944425011606,2.694858448288532,four-leg-walker
29963,-6.727438903141636,-8.681857758253550,-0.258864918768983,four-leg-walker
30026,-9.397938335330339,-3.770100519115556,1.650885174041136,four-leg-walker
30088,-9.990227738019223,-2.049491235782645,0.546927650702831,four-leg-walker
30151,-6.851857239190629,-6.502059794994676,1.362463045633653,four-leg-walker
30213,-9.719285778487786,-1.367719259850835,-0.162599292736936,four-leg-walker
30276,-8.395466840255683,-3.888288596725041,2.057574625239429,four-leg-walker
30338,-7.267162751517563,-5.243356690761285,1.831027585782761,four-leg-walker
30401,-9.721184920837773,-0.164206941047124,1.867822731167956,four-leg-walker
30464,-9.604767621405726,-1.469098544888154,1.570656143769957,four-leg-walker
30526,-8.163556758253463,-4.198791426730560,1.582999061235359,four-leg-walker
30589,-9.168819478700684,-0.669704302864805,2.975700021459020,four-leg-walker
30651,-8.796864693290754,-2.576979269648680,2.356183061341823,four-leg-walker
30714,-8.792755009584633,-7.661478574866817,1.013776664163879,four-leg-walker
30776,-7.239702228354665,-3.411935154752348,3.454175635796096,four-leg-walker
30839,-7.782644225133138,-2.326776190308829,3.984174432161877,four-leg-walker
30902,-5.830208933439833,-4.626567199148029,3.566544178807238,four-leg-walker
30964,-5.107016013178953,-5.767984465761436,3.931733568477128,four-leg-walker
31027,-5.618890313498413,-6.827380430990374,3.979667690734742,four-leg-walker
31089,-5.010334843344048,-6.872530840575110,4.221601032800791,four-leg-walker
31152,-5.348103466480357,-8.845989531709499,3.362225573802267,four-leg-walker
31215,-5.911862870207687,-8.177011485622987,3.157226544888178,four-leg-walker
31277,-6.481747960809391,-3.410575255111835,4.600293497337566,four-leg-walker
31340,-6.930127513063098,-4.014227086475239,3.540927067944510,four-leg-walker
31402,-6.868355303354530,-6.465642573162951,1.950105472044774,four-leg-walker
31465,-16.716102299787288,-17.144900737485909,13.160174379662010,four-leg-walker
31527,-11.416776212459878,-2.967040534451507,1.093138918557256,four-leg-walker
31590,-7.187787674440870,-4.872610195207645,1.367831508626198,four-leg-walker
31653,-8.214219508595770,-3.039067941214070,4.523979700000000,four-leg-walker
31715,-7.150305178913786,-2.334301378913786,5.470423561767991,four-leg-walker
31778,-7.896458142012695,-2.155056081150151,3.173767910542818,four-leg-walker
31840,-6.178995406354374,-2.564913252288800,3.873534942457848,four-leg-walker
31903,-7.226962980830664,-6.589443917571923,2.842691123429313,four-leg-walker
31965,-9.822826701277959,-4.473430282747604,0.039797132779546,four-leg-walker
32028,-10.129012518636845,-3.695805877742350,3.421549167092510,four-leg-walker
32091,-6.651586902928464,-2.901209140042161,4.694996449946871,four-leg-walker
32153,-4.409964566373583,-4.462525480031452,2.029688293131999,four-leg-walker
32216,-9.924410970979629,-4.591363935809166,1.866822605058541,four-leg-walker
32278,-9.317061736954175,-6.516304028753927,-0.882480810740119,four-leg-walker
32341,-7.352380266986158,-5.108252407880726,0.987908068753993,four-leg-walker
32403,-8.871859493787746,-4.475801059212186,1.934181819169377,four-leg-walker
32466,-8.716072031283250,-5.354435263312171,-0.703730170000000,four-leg-walker
32529,-8.473669906948874,-4.451520683626119,0.360613745690932,four-leg-walker
32591,-7.459648253594239,-4.037267739217285,1.527022606655934,four-leg-walker
32654,-7.869468000000035,-4.021187938658173,1.632207688498455,four-leg-walker
32716,-8.698656522364208,-5.440537396166130,1.445896322204475,four-leg-walker
32779,-8.559206461838818,-5.377108179623730,1.159872849414328,four-leg-walker
32841,-8.425760824813523,-3.518492962513252,3.077451302449452,four-leg-walker
32904,-7.643688260383420,-4.193664954552616,2.594935435223623,four-leg-walker
32967,-7.812275474440807,-6.086913813276422,3.625266044727812,four-leg-walker
33029,-10.906010425985862,0.575294420682656,0.650371650139101,four-leg-walker
33092,-8.068455811261959,-4.513005817731628,4.248649870447287,four-leg-walker
33154,-7.775996031789097,-6.671159053141441,2.580726394089118,four-leg-walker
33217,-8.989375214057439,-8.259863099041418,2.004198220766600,four-leg-walker
33279,-6.945808247444123,-4.651171621565458,1.201561395527028,four-leg-walker
33342,-5.479233410436596,-5.399414841320684,3.188710932374788,four-leg-walker
33405,-3.881089836554841,-6.305485410170368,4.189760040734808,four-leg-walker
33467,-4.425496651757078,-8.235491082268426,5.602685425000230,four-leg-walker
33530,-3.629250375292867,-6.762912943423759,4.304295050852062,four-leg-walker
33592,-5.664155320553766,-9.819514320553766,4.543190068157438,four-leg-walker
33655,-7.416460392172350,-7.320470054313284,2.232937388977498,four-leg-walker
33717,-8.180013753106126,-2.243895385374429,3.171397211146378,four-leg-walker
33780,-7.793666596219415,-2.713567060436147,1.992660765175777,four-leg-walker
33843,-8.248820984025562,-1.202280271565499,0.330230555878564,four-leg-walker
33905,-19.537045791001169,-3.503700416728066,-3.351514243600457,four-leg-walker
33968,-12.003906286741493,2.657445231363905,-0.295134045441685,four-leg-walker
34030,-7.834659285543223,-2.773854194968064,2.215929544568386,four-leg-walker
34093,-3.809930725506210,-4.352876765681389,2.489429122576722,four-leg-walker
34155,-6.364293720979791,-7.407482466879675,3.862152434930773,four-leg-walker
34218,-7.848019122204092,-4.165996782827406,6.743067830750268,four-leg-walker
34281,-8.148588050585808,-3.230307805591107,2.918109924387616,four-leg-walker
34343,-6.775480168654350,-3.521726869364248,0.095254471711046,four-leg-walker
34406,-7.160956105248437,-2.700124323869833,1.384834985851180,four-leg-walker
34468,-7.183902722710639,-4.326829451011955,1.772231786554791,four-leg-walker
34531,-7.279016377209729,-6.482043810116775,-0.494721307923539,four-leg-walker
34593,-6.368161162939513,-3.880855310942684,2.170695173322716,four-leg-walker
34656,-7.608125079340034,-4.841760579819788,2.012233098562707,four-leg-walker
34719,-7.556372527795769,-4.120461461554618,0.489031628061981,four-leg-walker
34781,-8.708620964057383,-6.573310759584443,-0.366028105774656,four-leg-walker
34844,-7.714312166294178,-3.955578159052612,2.736437966400750,four-leg-walker
34906,-8.220635152555921,-4.756899915867936,1.182017211128879,four-leg-walker
34969,-7.574073648562404,-5.588989072843505,0.250697474792139,four-leg-walker
35031,-7.568690000000000,-4.901861452609169,2.336715222071336,four-leg-walker
35094,-7.647535183865756,-5.062413698083142,0.321879604643308,four-leg-walker
35157,-8.553806929712181,-3.795846699679988,1.431565005112466,four-leg-walker
35219,-10.989917928115020,1.473625848216226,0.997676311208718,four-leg-walker
35282,-6.398217812832764,-6.785880217785063,1.876649531682567,four-leg-walker
35344,-7.824786556869067,-4.611129496805015,2.407573747603836,four-leg-walker
35407,-9.339040325079877,-1.805462301384343,1.068906871458966,four-leg-walker
35469,-7.708943466347087,-4.915588468583660,2.223454655058588,four-leg-walker
35532,-9.179035572683720,-2.816121470207722,2.406709595447287,four-leg-walker
35595,-9.468121046592241,-2.665008530936970,1.861324120606729,four-leg-walker
35657,-7.996950633013855,-4.358892605271581,2.796862736794453,four-leg-walker
35720,-8.741742306709353,-4.320099955271345,2.803036708945731,four-leg-walker
35782,-6.220563380964825,-7.736866847044102,2.623692176200438,four-leg-walker
35845,-12.615684210596450,-9.465956172258137,8.828631542782277,four-leg-walker
35907,-8.346982284345307,-2.405891219807967,2.168943881150424,four-leg-walker
35970,-4.446521509318431,-5.173867329020230,1.627190939403623,four-leg-walker
36033,-0.719330915149186,-6.948385483306595,2.719978144568484,four-leg-walker
36095,-1.581224907348198,-8.967034472843505,3.781324209584661,four-leg-walker
36158,-3.324580025665620,-9.908639861555010,4.101608147284215,four-leg-walker
36220,-5.334942020127404,-7.658776903194711,3.125339452183150,four-leg-walker
36283,-8.495648174920035,-4.220943418210841,4.598327778753965,four-leg-walker
36345,-8.626286432374986,-4.931852076677027,2.818015337486475,four-leg-walker
36408,-8.283348277803141,-4.178123215959216,1.049181957720980,four-leg-walker
36471,-8.927186476038417,-2.025600774867045,0.722756950266595,four-leg-walker
36533,-11.903641347710227,-1.956445119727621,-16.596339027422740,four-leg-walker
36596,-9.128568427050181,0.537924116645006,2.646234147204228,four-leg-walker
36658,-8.842107000000000,-1.525872909584766,3.730560690415234,four-leg-walker
36721,-6.707601528221513,-2.957830436847711,3.001675580617682,four-leg-walker
36783,-5.717479243663992,-2.848340030990785,4.338772933333731,four-leg-walker
36846,-6.470307568370485,-4.445578296485357,3.209144832268251,four-leg-walker
36909,-6.201704831736380,-6.703908020767068,0.903674331000849,four-leg-walker
36971,-7.280219304685932,-5.450229391480727,4.386734072683863,four-leg-walker
37034,-8.181686752928625,-3.862560070606971,3.597918993184245,four-leg-walker
37096,-7.022840692278341,-1.905452279818529,5.710139290202192,four-leg-walker
37159,-6.377263940894562,-4.678924168929620,3.538743272097937,four-leg-walker
37222,-7.369306516294097,-5.152842049520923,5.497893375399431,four-leg-walker
37284,-9.021747248668255,-5.893886634717432,5.527911707669043,four-leg-walker
37347,-10.092331093450476,-4.941421410889114,0.456295632167407,four-leg-walker
37409,-8.476417875399040,-5.404920790415565,0.371179894834785,four-leg-walker
37472,-7.213972288285413,-4.736128957614496,3.317228435356825,four-leg-walker
37534,-11.212034494142394,1.807812678967053,0.451982459978216,four-leg-walker
37597,-8.495984904153158,-3.668937958786092,2.992111257188530,four-leg-walker
37660,-5.929191674920117,-8.177275934558175,4.356638840575244,four-leg-walker
37722,-8.489104541000946,-3.911735668131023,0.883084969898079,four-leg-walker
37785,-8.383743535143781,-4.161301414217230,1.620922598402571,four-leg-walker
37847,-7.653199070686634,-6.945507457721285,2.762054092917855,four-leg-walker
37910,-8.364530858892531,-4.526085627476015,1.864627843557012,four-leg-walker
37972,-8.859674987220362,-2.365155978913771,1.337231619275910,four-leg-walker
38035,-8.084578083827768,-3.297464454495679,2.474716598052764,four-leg-walker
38098,-7.992290352023431,-4.426505950319472,2.158176223801940,four-leg-walker
38160,-9.182048683706025,-2.020094516294067,2.108162242811657,four-leg-walker
38223,-9.159746723908400,-2.827008712992515,2.806760947736964,four-leg-walker
38285,-8.768729024138674,-8.466292004260076,0.598430447266235,four-leg-walker
38348,-11.595633383387023,-6.371870000000000,0.215825280350810,four-leg-walker
38410,-8.316858997603882,-4.533781488311886,2.589146232720819,four-leg-walker
38473,-4.615169852901889,-6.430658044861653,3.466291699467491,four-leg-walker
38536,-2.333103258626199,-7.027421246006386,3.093577237539934,four-leg-walker
38598,-2.176803167696068,-6.791651864276329,4.230591206555387,four-leg-walker
38661,-3.241590256735833,-7.860278264376769,2.880464140947507,four-leg-walker
38723,-6.989628013498367,-8.313211230830653,4.581427000000000,four-leg-walker
38786,-9.065512791666620,-8.052204999999372,1.610121925000743,four-leg-walker
38848,-9.361001142705033,-2.815221718210835,1.935407095473917,four-leg-walker
38911,-9.495937352237414,-1.270273448402477,0.185006207108503,four-leg-walker
38974,-3.856806862300841,-5.566357922683690,4.331527850771844,four-leg-walker
39036,-6.541424773162842,-3.039974003584472,3.690941996415527,four-leg-walker
39099,-7.726716104472798,-2.081671572204788,3.766580160702451,four-leg-walker
39161,-7.560614460489867,-4.114522040734800,3.999984215388921,four-leg-walker
39224,-6.939086334158709,-4.095077212992408,6.047617294062645,four-leg-walker
39286,-6.730900684345039,-4.231542573482421,4.551724700000010,four-leg-walker
39349,-7.642650831948987,-4.444398445633389,3.352860137966195,four-leg-walker
39412,-6.940327462354131,-8.249824337859524,1.970340484452855,four-leg-walker
39474,-4.870438291799880,-6.487651667092698,5.411559166134315,four-leg-walker
39537,-6.462873940007403,-5.898393079411149,2.363986791267314,four-leg-walker
39599,-11.306436100106692,2.061475647142391,-0.714314245913995,four-leg-walker
39662,-6.150668768370892,-6.488974898561821,6.625427458705842,four-leg-walker
39724,-5.931654427316406,-7.083854323216146,0.168834472145827,four-leg-walker
39787,-9.573342332268458,-2.460636508626301,0.208239052587890,four-leg-walker
39850,-8.958095295527416,-3.229617035942282,3.203003974999642,four-leg-walker
39912,-7.411820997736933,-4.999322599094773,3.187943707934026,four-leg-walker
39975,-8.566313310835987,-4.480075982028779,0.659130476299158,four-leg-walker
40037,-7.827294928753989,-4.389844311821090,1.473855168051103,four-leg-walker
40100,-8.095520091586776,-4.717592027689120,2.996465319595212,four-leg-walker
40162,-8.129688844249179,-3.471960898509022,3.637445802662430,four-leg-walker
40225,-8.281039018370576,-3.489078444808262,3.226091605591122,four-leg-walker
40288,-8.116655197017987,-3.863335100000000,1.672371853141555,four-leg-walker
40350,-8.358728902555914,-3.742694728913735,2.209123386155481,four-leg-walker
40413,-8.004760479632255,-4.862010739137518,1.515411289776064,four-leg-walker
40475,-9.713391000000000,-5.818288922923261,2.001011759078782,four-leg-walker
40538,-7.526216376730536,-3.927045694302491,2.528871721778506,four-leg-walker
40600,-7.366645332268415,-4.353610455910671,3.478150295048024,four-leg-walker
40663,-5.977023888977633,-5.280370000000000,4.601521961048920,four-leg-walker
40726,-4.482051477422932,-6.310894515974486,4.864432377422675,four-leg-walker
40788,-4.479319059904165,-7.409119298322686,4.616505826038324,four-leg-walker
40851,-5.055189604552808,-8.012754547124578,3.965945559372145,four-leg-walker
40913,-4.717701504526157,-7.070160276171721,3.675858889510235,four-leg-walker
40976,-4.167467845580432,-6.281192129819011,3.159885391160863,four-leg-walker
41038,-5.031528366613411,-6.088984446192791,3.382193146698437,four-leg-walker
41101,-6.357197257188498,-5.555172070846645,3.468912068450477,four-leg-walker
41164,-7.646469253780494,-5.369712322684067,4.478299146219230,four-leg-walker
41226,-5.980600170633619,-6.216826159477965,3.119598787779541,four-leg-walker
41289,-7.228204484238539,-5.701138333546214,2.546193351544249,four-leg-walker
41351,-7.036491276677101,-3.893649521725864,3.191402825559253,four-leg-walker
41414,-7.485570589776390,-4.623926324361086,1.460806161927535,four-leg-walker
41476,-12.274538012511801,-8.736403853644511,-8.524683035148204,four-leg-walker
41539,-10.860579495207530,-1.425156571325640,1.980205756709405,four-leg-walker
41602,-9.423376428647551,-4.592819101916712,3.240838437992733,four-leg-walker
41664,-7.242747145864645,-6.945119952432417,3.916890848029948,four-leg-walker
41727,-5.190100091373744,-9.226587776357603,1.905444555910634,four-leg-walker
41789,-6.154420817358959,-9.685522146164990,1.386896527929195,four-leg-walker
41852,-4.691029856522911,-6.941994678141684,5.196340492571892,four-leg-walker
41914,-8.374750630591194,-5.103072552796693,7.639382808785079,four-leg-walker
41977,-7.881713713738850,-5.253705878540780,5.698790454713540,four-leg-walker
42040,-5.291494569329026,-6.647237985090435,2.069190985623363,four-leg-walker
42102,-8.013669716693270,-5.557810634025408,1.270051702156668,four-leg-walker
42165,-6.617540537699670,-5.542798734558037,3.349367870766808,four-leg-walker
42227,-7.646872108120985,-8.308994921512923,2.527314381256648,four-leg-walker
42290,-11.623852734025528,0.188378702944825,-0.747152186134153,four-leg-walker
42352,-6.123339174587424,-5.408378892039392,3.931645756509607,four-leg-walker
42415,-7.560453674945990,-3.383077606284151,2.424874767252481,four-leg-walker
42478,-8.674444101038421,-2.839514873322680,-0.078714813849801,four-leg-walker
42540,-8.989210205004968,-6.004371147550802,1.781808882348318,four-leg-walker
42603,-9.232277559904087,-2.215039854898784,4.943330661501382,four-leg-walker
42665,-7.747884352715691,-1.830102245047905,0.841169473130923,four-leg-walker
42728,-7.873648334398129,-7.183015585197141,0.588835500000000,four-leg-walker
42791,-9.828551610223480,-1.766373894888261,2.427089920766811,four-leg-walker
42853,-7.591907429632629,-2.956803119568721,0.478360946342288,four-leg-walker
42916,-8.062401379126731,-5.698989717252395,1.977406712193820,four-leg-walker
42978,-8.272313547391203,-2.652543319648593,3.169617986048405,four-leg-walker
43041,-4.611680156549642,-5.051559450798765,1.800705667092751,four-leg-walker
43103,-11.671373630191825,-6.674580058572998,1.809102536954299,four-leg-walker
43166,-8.266003806443042,-3.369192540867939,1.946873181070544,four-leg-walker
43229,-4.823212092697412,-4.815582210725684,3.276498903423097,four-leg-walker
43291,-3.769674805591218,-8.051384786475008,3.075213129605688,four-leg-walker
43354,-2.539272326943555,-8.319268858359942,2.653320766986291,four-leg-walker
43416,-2.706564501277950,-7.585384297284261,2.524762603194821,four-leg-walker
43479,-3.446209574361202,-7.132828199414527,3.508431522151700,four-leg-walker
43541,-4.465750082987170,-9.030082557508084,2.921903073083125,four-leg-walker
43604,-7.618245101437745,-9.230136623003331,1.828373995207615,four-leg-walker
43667,-8.266080712992551,-6.034759169968053,2.198052456230051,four-leg-walker
43729,-7.923165196405923,-5.261264135516541,1.486738544541915,four-leg-walker
43792,-3.559251116133928,3.389730836981425,8.380080369807025,four-leg-walker
43854,-8.379754930423863,-0.659711694550243,5.497165891905901,four-leg-walker
43917,-9.948538766773718,-0.958027053621428,2.201837912086839,four-leg-walker
43979,-7.746782872843398,-3.607697421405864,4.583446192332212,four-leg-walker
44042,-8.975753067625414,-5.280568966187293,3.363821425718654,four-leg-walker
44105,-7.668080985090493,-6.420395504339740,1.103971497217767,four-leg-walker
44167,-6.955749997284396,-4.752675860064230,4.004904125159785,four-leg-walker
44230,-7.136924736155530,-2.806687115362047,5.693993122310766,four-leg-walker
44292,-7.802591388711418,-5.682106262646371,3.216547495740303,four-leg-walker
44355,-9.144508144569111,-7.367417676277011,-2.085066956755206,four-leg-walker
44417,-10.913229735622959,-0.823131793775378,0.221369649106775,four-leg-walker
44480,-5.890439745829338,-6.072744155841491,4.356895677324312,four-leg-walker
44543,-7.268727830670112,-2.102380749203002,-1.195152888819317,four-leg-walker
44605,-7.540104101065105,-2.355971507960775,3.350604152662370,four-leg-walker
44668,-7.380220366382340,-10.512957414270765,3.226686296059329,four-leg-walker
44730,-10.425121156549498,-5.235587035143769,-1.297995329073453,four-leg-walker
44793,-6.810688630511197,-4.097565155537358,2.638066631788864,four-leg-walker
44855,-5.470107477103265,-6.820966667092548,1.336507677422751,four-leg-walker
44918,-8.570554244009598,-4.077294575159846,0.100196403865778,four-leg-walker
44981,-7.262304300000000,-6.310032815708165,1.276082917146089,four-leg-walker
45043,-7.435183249130252,-5.964796417465339,0.358763920035475,four-leg-walker
45106,-7.755424669648648,-4.632251708067315,1.185800088099016,four-leg-walker
45168,-7.435418475718854,-5.615940919994644,1.041156979749746,four-leg-walker
45231,-7.748845138711424,-6.397865942172442,1.228768455937161,four-leg-walker
45293,-7.348383192651814,-4.410920480511412,3.165829873482449,four-leg-walker
45356,-9.011425488551541,-8.782683862353432,3.176459803754011,four-leg-walker
45419,-6.687198237939337,-6.569797645234645,3.050129682108586,four-leg-walker
45481,-3.836339804313099,-6.616556775239618,2.583800785702875,four-leg-walker
45544,-2.633733197231014,-6.153969846113030,2.091756016613316,four-leg-walker
45606,-2.746020117145914,-7.669528840787814,3.676562265442690,four-leg-walker
45669,-2.632851274281105,-7.882539648562449,3.288265019329284,four-leg-walker
45731,-4.836312858892396,-9.758282027955381,3.299761601783764,four-leg-walker
45794,-6.376907127795495,-8.167706756655940,4.019770705005369,four-leg-walker
45857,-6.534637500000000,-5.674762578913654,3.003093053514310,four-leg-walker
45919,-6.970978371672032,-3.341190171884926,1.762906971778506,four-leg-walker
45982,-7.430113717625202,-5.619680729499811,1.110363520500656,four-leg-walker
46044,-9.458617916135205,-5.662863139380921,-13.415847862613031,four-leg-walker
46107,-11.817256246006732,-2.016311674867148,2.671083188923808,four-leg-walker
46169,-7.041808890788088,-4.300479101330585,1.587995436661686,four-leg-walker
46232,-8.327121601916906,-6.073016513817919,2.812175473322656,four-leg-walker
46295,-8.529193509851074,-4.704871840801266,3.438521387872697,four-leg-walker
46357,-7.162046531549456,-7.320301822550457,4.277585428913515,four-leg-walker
46420,-6.980091364936070,-4.371566793530098,3.849378578674212,four-leg-walker
46482,-6.328426066098715,-4.233622839722590,4.167192346466920,four-leg-walker
46545,-7.523198271565477,-4.357648517838105,5.362161704206596,four-leg-walker
46607,-8.218597207668028,-4.674419686901188,5.374066032587830,four-leg-walker
46670,-8.749893404153447,-2.518170574547440,3.297299268104369,four-leg-walker
46733,-8.004704458466348,-3.136372063631508,2.093800403567589,four-leg-walker
46795,-7.251429699680666,-2.533893742012689,3.519140434505049,four-leg-walker
46858,-10.700274435569845,1.799369828008361,2.497976270287797,four-leg-walker
46920,-9.931118649095128,-3.990185277901378,4.143413993077197,four-leg-walker
46983,-6.993971642811513,-5.658152463897826,5.039629538019145,four-leg-walker
47045,-6.182504715388745,-4.184618221086194,2.143095544196157,four-leg-walker
47108,-10.037131976570913,2.383632146644501,0.522833174951171,four-leg-walker
47171,-8.806882699680589,-4.901547693290685,1.497424596964753,four-leg-walker
47233,-6.909891097976621,-8.039047031948805,2.458923498083039,four-leg-walker
47296,-8.417211943556968,-2.888254404153358,-0.646456153887112,four-leg-walker
47358,-9.004629555910624,-2.141229586261834,1.274074251757115,four-leg-walker
47421,-8.411743755591091,-5.990342973375986,3.024689371033254,four-leg-walker
47483,-7.922630356496251,-4.849578727369547,-0.731434244781613,four-leg-walker
47546,-8.214926592652013,-3.669977940096541,1.884062423961383,four-leg-walker
47609,-7.286097499201278,-6.605161880883925,2.284598223003167,four-leg-walker
47671,-9.165250010649512,-8.248672375399158,1.855802665122692,four-leg-walker
47734,-6.668099984025534,-4.194437470926526,3.058490784025533,four-leg-walker
47796,-5.368865944675220,-6.357396169861415,2.474748597497472,four-leg-walker
47859,-5.163419208732670,-7.993376143982887,1.692142932197428,four-leg-walker
47921,-4.466952609824310,-6.821568105431290,2.006787989696549,four-leg-walker
47984,-4.191172205990680,-7.888165791586627,3.931325743344258,four-leg-walker
48047,-4.093124400000000,-8.249077869009593,3.605793203940383,four-leg-walker
48109,-3.655868519009680,-6.983984145526883,3.397080184744081,four-leg-walker
48172,-5.732684072949694,-5.107862420899795,3.117016395926813,four-leg-walker
48234,-8.528282069222396,-4.994382512779464,2.511909900159933,four-leg-walker
48297,-16.821562036739991,-14.990036841850770,-12.833818189304083,four-leg-walker
48359,-16.731526376197756,-5.877816706070549,-8.626513307774216,four-leg-walker
48422,-8.858156052182849,-4.914466856656001,3.122484377954495,four-leg-walker
48485,-8.798164907348177,-6.616464742012872,3.669717973801813,four-leg-walker
48547,-7.732892784398484,-5.874018291480369,2.957866196272661,four-leg-walker
48610,-14.993838027688513,7.578937387646507,3.677574305856698,four-leg-walker
48672,-9.284402492012852,-1.004885211501504,4.869673452076683,four-leg-walker
48735,-2.955821847390857,-6.945578723109012,4.903729801916795,four-leg-walker
48798,-9.430368443024454,-3.301859611395008,-0.775246249307754,four-leg-walker
48860,-9.929920536741582,-1.178879222683503,3.640237085862677,four-leg-walker
48923,-6.958253153620796,-8.005138234557997,4.849117223641964,four-leg-walker
48985,-11.004968371938180,-0.900834581890289,-0.439277559214462,four-leg-walker
49048,-11.691838565495365,-2.192650853033791,4.204012198722140,four-leg-walker
49110,-7.654595914004214,-3.934466139909495,4.285341933759351,four-leg-walker
49173,-9.324714819754607,-3.334429812593696,-5.810835528092599,four-leg-walker
49236,-7.745092845606979,-8.979829126198007,-0.400563800511075,four-leg-walker
49298,-11.103936030351493,-0.639527625359416,1.335092907135236,four-leg-walker
49361,-8.097572277955132,-2.818795488817948,0.103907939986598,four-leg-walker
49423,-8.376126689297134,-5.424041971884960,0.076305883007176,four-leg-walker
49486,-8.299620777118394,-6.626493666879493,0.253100937179083,four-leg-walker
49548,-6.563799689243920,-6.871503608865841,0.683439050857301,four-leg-walker
49611,-9.006158757188439,-7.456517863258488,2.409531472843468,four-leg-walker
49674,-5.858994066986286,-5.755238570873569,0.688695380430957,four-leg-walker
49736,-4.776301084318512,-6.525063000000000,2.888124274121289,four-leg-walker
49799,-4.674205615814814,-7.357889139856355,3.083658543130704,four-leg-walker
49861,-6.268986922790202,-9.057620733759318,2.874545104685839,four-leg-walker
49924,-5.888474646272496,-6.976163377928549,2.542140198083244,four-leg-walker
49986,-4.160146700000000,-5.841996007028525,1.681436537060537,four-leg-walker
50049,-3.730744375985103,-5.576325071086336,2.033141124014898,four-leg-walker
50112,-6.952736759531213,-7.519940285622811,1.023779501916718,four-leg-walker
50174,-7.488606233706054,-4.291391445207664,1.587388654792336,four-leg-walker
50237,-18.156528940009053,-15.027438874340554,14.434101620170249,four-leg-walker
50299,-5.764090970252374,-4.995791175861184,1.621460452821357,four-leg-walker
50362,-6.135656771017779,-2.136514529438264,4.222567117298254,four-leg-walker
50424,-7.624544024627346,-2.103492240601665,4.258438677263439,four-leg-walker
50487,-7.027722245473720,-4.160513671033311,3.248401688125392,four-leg-walker
50550,-6.986247954872071,-6.884820365017113,0.321780160878508,four-leg-walker
50612,-7.554985961235353,-4.354176842917970,1.809301338338715,four-leg-walker
50675,-7.453795400000000,-5.375672049787333,3.358774030004610,four-leg-walker
50737,-7.059005138817836,-4.550164496005617,5.033710535145660,four-leg-walker
50800,-7.339805572071327,-6.032064869329052,0.043452591631969,four-leg-walker
50862,-10.810838236155373,0.719063250369817,2.273863872790130,four-leg-walker
50925,-6.297735789856231,-6.200223821645401,2.608371965495174,four-leg-walker
50988,-7.323676971858140,-6.995098437433925,1.907741355378195,four-leg-walker
51050,-9.272458973375917,-2.884204591409402,2.123280327831105,four-leg-walker
51113,-6.206548119009657,-6.066891158146761,1.967663919967577,four-leg-walker
51175,-7.473229829499744,-3.448192912247373,1.463271227688452,four-leg-walker
51238,-8.495377685836017,-4.069641802183225,0.575906246831743,four-leg-walker
51300,-6.999011282028863,-7.196031464856413,1.770551817172449,four-leg-walker
51363,-9.403076282570204,-3.464276040255606,-0.073131355244621,four-leg-walker
51426,-7.730886630457867,-4.657636128540751,0.304066219637998,four-leg-walker
51488,-6.903036399361150,-5.394653059504611,0.362823838386540,four-leg-walker
51551,-9.305081375931879,-3.646209856655998,-0.261393649701851,four-leg-walker
51613,-7.213860252928441,-5.075847643023938,-1.828583049840544,four-leg-walker
51676,-8.635657335463261,-4.772000591373809,2.020767557188500,four-leg-walker
51738,-8.132301826943486,-6.563430106709720,0.296495294299807,four-leg-walker
51801,-8.615862313808705,-6.869631364570941,2.437503909762876,four-leg-walker
51864,-9.884601610223886,-6.574862883865988,1.360948796965151,four-leg-walker
51926,-6.712860464030690,-3.574364973109433,0.902040342492218,four-leg-walker
51989,-1.795617610010673,-3.474948428754007,-0.250636304366331,four-leg-walker
52051,-0.771295066262161,-6.471890351437605,2.677535146805138,four-leg-walker
52114,-1.731088781522920,-7.324411386847737,2.561873019834914,four-leg-walker
52176,-4.135016952875350,-8.973616444089553,3.324625835782842,four-leg-walker
52239,-4.170875751996800,-6.471706789616405,2.540072619728480,four-leg-walker
52302,-7.200523093716772,-5.669419526943484,2.918930583386568,four-leg-walker
52364,-11.572542432730652,-3.702654502520359,2.083785658289287,four-leg-walker
52427,-9.979092920127817,-2.975592894888161,0.978608824345053,four-leg-walker
52489,-10.583175056178552,-5.561048265709177,-4.414157909106510,four-leg-walker
52552,-9.687630101171223,-7.754065869568262,-0.672128550295146,four-leg-walker
52614,-9.290396990415273,-5.380505609425077,1.957569344249186,four-leg-walker
52677,-7.552561681949054,-6.455117320553392,1.649893521405814,four-leg-walker
52740,-7.128148270367446,-5.679595976304590,2.997153452529336,four-leg-walker
52802,-6.055588142172669,-7.882226089456522,2.860751700399563,four-leg-walker
52865,-6.549055581256639,-6.362662490841391,2.928801000851915,four-leg-walker
52927,-7.812410402981890,-3.467331715362047,4.598998503860302,four-leg-walker
52990,-7.705639998402546,-4.911397689935918,1.193485799201273,four-leg-walker
53052,-6.304633912459813,-7.171207928115136,1.652498796910401,four-leg-walker
53115,-6.103782000000000,-4.266782098721793,5.124893067519345,four-leg-walker
53178,-11.086806156549519,0.967107074121446,-1.423871743130949,four-leg-walker
53240,-7.421196966454123,-7.488137203514023,0.097045668487563,four-leg-walker
53303,-7.321601975026636,-7.980074781576203,1.132439062459990,four-leg-walker
53365,-6.859530109584607,-3.954584106069882,2.323941533546317,four-leg-walker
53428,-6.761816538232425,-5.172092630458620,-0.243488521298896,four-leg-walker
53490,-8.259179869275831,-7.459049157960615,-0.375090295788083,four-leg-walker
53553,-7.702129751916895,-6.147770301117848,-0.195070202755515,four-leg-walker
53616,-7.342611937087274,-4.477279595846656,-0.946609449834833,four-leg-walker
53678,-7.599732569040009,-6.673986480298292,1.172585037075906,four-leg-walker
53741,-6.907586609425167,-6.062815063898263,2.131027994408575,four-leg-walker
53803,-6.102342186900912,-5.863737805244898,-2.046605656922188,four-leg-walker
53866,-8.659164649627527,-2.308940010197133,0.448225060036992,four-leg-walker
53928,-8.768852281150117,-9.463963815495230,-2.156371460543253,four-leg-walker
53991,-7.003712753921906,-5.342188203052459,-1.942821766666442,four-leg-walker
54054,-7.778025262992790,-0.558192278221552,0.926471285809604,four-leg-walker
54116,-8.519653115615116,-1.984889720966461,3.897255150079956,four-leg-walker
54179,-7.224785903248196,-6.065484000000000,1.889239711048114,four-leg-walker
54241,-6.247747532321615,-9.349550871139506,1.262952332534610,four-leg-walker
54304,-11.005069408946076,-7.713654301918020,-1.326780191852498,four-leg-walker
54366,-9.426195119985776,-1.246424553993527,1.498316734504855,four-leg-walker
54429,-7.181618823642213,-4.476754633705968,-0.085472583499427,four-leg-walker
54492,-4.311932427635672,-4.887874464856401,1.523058650479288,four-leg-walker
54554,-4.011103645074539,-7.826647374467495,3.663151422284308,four-leg-walker
54617,-4.234499847656649,-6.081727200213142,5.048403696538381,four-leg-walker
54679,-4.006295919808310,-7.028748462420053,2.888592064856178,four-leg-walker
54742,-6.954918846858242,-6.313188940575038,1.354800300000000,four-leg-walker
54805,-9.204247371671586,-1.231208003301594,2.301682438231923,four-leg-walker
54867,-19.600126357028756,-13.345048141773114,19.575409971246017,four-leg-walker
54930,-10.454435982161034,-5.779916884985220,-3.419663007989284,four-leg-walker
54992,-9.759540703141688,-6.303142610729599,5.235056708466308,four-leg-walker
55055,-8.051471020447421,-7.083323985782196,-2.813268954472640,four-leg-walker
55117,-8.625399168530425,-0.887263035915762,6.801511790042612,four-leg-walker
55180,-8.324642274227823,-1.747642772311177,3.617266885303561,four-leg-walker
55243,-5.931486284664525,-6.915646668051583,1.556233175399275,four-leg-walker
55305,-6.460151820553771,-7.972300061128892,1.956549650692210,four-leg-walker
55368,-12.044567952874932,0.611173562925165,-0.082145959188708,four-leg-walker
55430,-7.464463427316153,-8.407580556709572,1.301344876517538,four-leg-walker
55493,-5.872707898295944,-7.286518383200382,-1.363571888950939,four-leg-walker
55555,-12.198866316293772,1.473136426623955,0.426577773994342,four-leg-walker
55618,-5.669133830431413,-10.053433492811525,1.302958501677693,four-leg-walker
55681,-6.937339981922185,-7.592930926171572,-5.761134596512292,four-leg-walker
55743,-11.291292355431311,-0.887415929286450,2.894137695074504,four-leg-walker
55806,-8.470603083866063,-5.625451908945129,-1.381543337620251,four-leg-walker
55868,-7.295687499281316,-6.450360397736826,0.804902924124014,four-leg-walker
55931,-10.012777443024426,-0.952164037406760,0.450871036709185,four-leg-walker
55993,-8.279234341054591,-4.422674550319067,1.161305438019478,four-leg-walker
56056,-8.530622624068158,-7.307750277316288,1.529039012886050,four-leg-walker
56119,-12.014967451543919,-11.315290019169469,-0.310592016677360,four-leg-walker
56181,-8.438063485623045,-2.701616687060631,2.006512862619866,four-leg-walker
56244,-5.203613890663890,-4.736563994320118,2.785311570465212,four-leg-walker
56306,-3.196188541001034,-6.820695026269190,2.119640143911877,four-leg-walker
56369,-2.447890951757186,-7.484843923322648,2.643419876996828,four-leg-walker
56431,-4.228483735623414,-9.883622874867342,4.844182106496974,four-leg-walker
56494,-4.938184138977632,-8.004974780883785,3.324661461022367,four-leg-walker
56557,-6.792171832268415,-5.080458896165973,1.606989034904114,four-leg-walker
56619,-9.421979133120313,-4.745851581177072,1.579980858412835,four-leg-walker
56682,-8.374146189563451,-3.062008608306733,-0.458778506922314,four-leg-walker
56744,-19.595079755591026,-17.956407928110618,11.246781778926067,four-leg-walker
56807,-11.244790382854148,-6.939201081629309,-0.066603863412119,four-leg-walker
56869,-9.163769582001837,-5.547652477635755,1.185927575974720,four-leg-walker
56932,-7.397704141533374,-5.254358531948538,1.130690298082954,four-leg-walker
56995,-8.581024258785884,-6.242740798721671,3.654968700852035,four-leg-walker
57057,-8.071726875612455,-5.438034146965015,2.790637544622500,four-leg-walker
57120,-4.953968346112781,-4.366137200958329,4.460934550159737,four-leg-walker
57182,-6.652231666000703,-4.160610623003275,4.264758232002339,four-leg-walker
57245,-8.521623564430222,-4.444528101437643,1.062082798748886,four-leg-walker
57307,-8.403787440894630,-7.226850778275049,-0.309796673131158,four-leg-walker
57370,-8.994007532215509,-3.822625493530423,0.565046918724111,four-leg-walker
57433,-9.130685858537474,-2.582468304046794,0.606465306247914,four-leg-walker
57495,-7.597230048562849,-4.139712539298054,1.371899867412930,four-leg-walker
57558,-7.532818454419566,-7.645623133493045,-1.368876652705059,four-leg-walker
57620,-7.724462848242723,-5.420490889776314,0.695491370074806,four-leg-walker
57683,-6.330161057827675,-4.596293676517767,0.540809706293501,four-leg-walker
57745,-7.531143846312583,-6.474132639869580,1.584289002103295,four-leg-walker
57808,-7.753339422417318,-7.749531008519649,0.362166156602453,four-leg-walker
57871,-6.847600397763575,-5.301110016293928,0.933121969361023,four-leg-walker
57933,-5.916884558360373,-2.963020503833775,3.970577475185048,four-leg-walker
57996,-8.001156188072333,-6.908616120021175,2.341683497337840,four-leg-walker
58058,-6.127963138977869,-8.758123269968257,1.074767402236399,four-leg-walker
58121,-4.401917076943332,-6.849405201836993,0.494282872856830,four-leg-walker
58183,-2.945176512113964,-5.959414750479223,0.752518130580356,four-leg-walker
58246,-1.615806503753976,-5.677913081469613,1.835226010702999,four-leg-walker
58309,-1.823729377316292,-7.503238270500542,2.539802561448335,four-leg-walker
58371,-2.561194766666736,-8.499815833333489,3.205084224999878,four-leg-walker
58434,-7.719741800798888,-9.880655819489293,2.494570653035074,four-leg-walker
58496,-8.995452376996745,-6.605258718849683,3.472113927050242,four-leg-walker
58559,-8.897131786475105,-3.245373192438925,1.386639078168334,four-leg-walker
58621,-19.592976196485644,-15.847794599041588,19.523552560702996,four-leg-walker
58684,-9.132896772363548,-6.837520811181876,0.033903545902212,four-leg-walker
58747,-8.664732056549880,-3.453935962459821,2.387708377316310,four-leg-walker
58809,-7.537022063098875,-6.609513399360661,1.888092644010426,four-leg-walker
58872,-6.711761626730516,-5.352215054597433,2.374516583031840,four-leg-walker
58934,-8.226082048988266,-4.203706335463333,4.580580800532479,four-leg-walker
58997,-8.035763136261831,-4.511774681628746,4.266843214378241,four-leg-walker
59059,-7.726070957918757,-6.647430214148774,1.588218286231636,four-leg-walker
59122,-7.537998395101023,-5.207867731735863,5.413700139243410,four-leg-walker
59185,-7.534964820687067,-3.965649700479052,2.056022088818528,four-leg-walker
59247,-12.317780189208566,3.031789481505469,-4.009329497692618,four-leg-walker
59310,-5.153606565708600,-11.259270107560949,5.058595169222492,four-leg-walker
59372,-9.733473437699752,-1.591265985782692,-0.547944747707773,four-leg-walker
59435,-8.210267372736922,-2.462451538338324,0.965322729819257,four-leg-walker
59497,-4.886882458945667,-8.892266130724092,-0.759316682263006,four-leg-walker
59560,-10.197411920127781,-2.408002000000000,1.018742438658208,four-leg-walker
59623,-7.194968632934070,-6.365904946618614,-0.365638084893439,four-leg-walker
59685,-6.960638897497327,-5.439005283785932,0.084104973399888,four-leg-walker
59748,-6.803229976358022,-4.893518115814829,0.171485583482467,four-leg-walker
59810,-7.650599123784071,-6.709314634433718,-0.627201673145148,four-leg-walker
59873,-8.151344557774223,-6.175823288977554,1.738618837060607,four-leg-walker
59935,-6.955987126757173,-8.458505557508133,1.661232084664526,four-leg-walker
59998,-8.089088691853096,-10.891197533013857,1.216038038258857,four-leg-walker
60061,-5.961469150159708,-6.574567054739039,-0.974540358040658,four-leg-walker
60123,-4.214106660063882,-8.041850718849849,0.932999603610230,four-leg-walker
60186,-2.779941586439402,-8.214121484557920,0.976164948086464,four-leg-walker
60248,-1.709191615867828,-8.602875126730449,3.262829709797395,four-leg-walker
60311,-2.034242374760356,-7.107413431629427,3.072011661341700,four-leg-walker
60374,-4.528710843983187,-8.985756089456745,2.534734869010109,four-leg-walker
60436,-5.439854321884982,-4.952622272364219,2.734021423322682,four-leg-walker
60499,-8.526207520766473,-4.837554456230280,-0.237605104472880,four-leg-walker
60561,-9.091516947417567,-5.597105585968988,-1.652009314030674,four-leg-walker
60624,-19.545027002662771,-19.594336999999999,18.064727116489685,four-leg-walker
60686,-7.171039851997690,-3.672555123962835,1.850192069409211,four-leg-walker
60749,-7.457359085995622,-3.199708058040335,5.135015666932817,four-leg-walker
60812,-6.984754012220413,-7.105810148029367,0.705404988054728,four-leg-walker
60874,-6.549955153594228,-5.557290767172448,1.817919938897842,four-leg-walker
60937,-8.583580938498297,-3.099893935489916,3.865846037167127,four-leg-walker
60999,-6.063016243876292,-3.161985853354754,3.543418322257698,four-leg-walker
61062,-5.518541076677388,-5.842485299361190,-0.942543595910905,four-leg-walker
61124,-8.280516525026574,-3.776684950319157,4.345499308307139,four-leg-walker
61187,-7.350519783013842,-3.347058268636874,3.233570583706033,four-leg-walker
61250,-6.096027781629162,-5.986960402476283,2.393135351916390,four-leg-walker
61312,-5.627047713525003,-8.133813525026556,2.710625417039383,four-leg-walker
61375,-13.464189585729137,2.279859416399715,-2.597089350879001,four-leg-walker
61437,-6.168999531150469,-8.330158056069186,0.246904368623818,four-leg-walker
61500,-6.682344776357787,-6.409627843450498,0.043320064068048,four-leg-walker
61562,-11.142009929445994,-0.734921420549098,-0.405837985750767,four-leg-walker
61625,-6.679059003673967,-8.262172781948843,-1.383631005671087,four-leg-walker
61688,-6.979650548349015,-9.273560764643506,2.896337717465081,four-leg-walker
61750,-8.890129920926398,-2.695223476384792,0.674285087606409,four-leg-walker
61813,-7.663200668570276,-8.625092075878607,3.583455172004780,four-leg-walker
61875,-6.697333536634866,-8.133517530617826,1.236810903461342,four-leg-walker
61938,-5.143705747630432,-6.396094346885007,1.469039901437693,four-leg-walker
62000,-2.358171336980780,-6.751617534265031,-0.852793578154600,four-leg-walker
62063,-2.185808955271475,-8.486991568689943,1.926439329818714,four-leg-walker
62126,-1.986721300000000,-7.930652097071336,2.793273534930781,four-leg-walker
62188,-4.551946587619882,-9.041131039136781,3.041245985304051,four-leg-walker
62251,-5.595081441640026,-6.218710263099029,2.512223490415358,four-leg-walker
62313,-8.054869351251114,-6.506721791799734,0.303393243903239,four-leg-walker
62376,-7.080234551916853,-2.359960957028666,-1.058447764712700,four-leg-walker
62438,-8.668663439830178,1.385359352767949,-1.658086487113192,four-leg-walker
62501,1.550431197812052,-6.687993504792615,12.482284758784495,four-leg-walker
62564,-6.319034000878712,-3.895293754792006,-1.263214941932858,four-leg-walker
62626,-8.751517372603720,-6.298905962539383,1.471438635650680,four-leg-walker
62689,-8.292521246805098,-7.775483775692178,3.727372966120864,four-leg-walker
62751,-7.775628995047935,-8.679583408945536,2.484047749520200,four-leg-walker
62814,-5.897557103248313,-8.401210650160023,3.487724778380939,four-leg-walker
62876,-7.478450571884925,-4.746519316932940,2.156962929180225,four-leg-walker
62939,-8.216007857294700,-0.714722056943464,2.753991304578352,four-leg-walker
63002,-7.878097816116424,-4.937796720553772,0.503085892229342,four-leg-walker
63064,-8.582069192226186,-6.991656968743245,1.755652163897715,four-leg-walker
63127,-9.220592358892590,-5.355467737699732,0.491937645868038,four-leg-walker
63189,-8.766285236954287,-3.181792750000117,1.877648754100115,four-leg-walker
63252,-6.422873383918706,-4.496846966346827,3.548822585409469,four-leg-walker
63314,-8.336505670926529,-5.702155329552719,1.246467078913779,four-leg-walker
63377,-11.195042503727386,-3.151462945260610,0.428729239424573,four-leg-walker
63440,-9.373290761448475,-4.131983594089565,1.411686852129817,four-leg-walker
63502,-6.172349091852834,-3.713499400958292,1.119068827795776,four-leg-walker
63565,-8.547068856229515,-5.069852119701457,3.906935700213042,four-leg-walker
63627,-8.377911169595427,-6.540314470447356,-0.356359219715155,four-leg-walker
63690,-7.074682433705433,-4.746993565494323,0.958236076038434,four-leg-walker
63752,-7.178988035356749,-4.142139410862614,0.877632332374813,four-leg-walker
63815,-8.183919353035131,-5.994521094142777,0.984359618476986,four-leg-walker
63878,-6.635583289137387,-5.071962854952202,1.246176467092593,four-leg-walker
63940,-7.387094775053312,-3.966463011741413,0.822744306006574,four-leg-walker
64003,-7.270466170660675,-7.889478767625596,1.181346777263067,four-leg-walker
64065,-8.693922346645380,-6.421509218051103,-0.082905599528750,four-leg-walker
64128,-7.637200702449422,-4.156965103194771,1.010320087880825,four-leg-walker
64190,-8.197865215122478,-3.992895238817835,1.724055595207704,four-leg-walker
64253,-7.700898321405904,-5.586419382428542,0.675465354408907,four-leg-walker
64316,-8.236748232161881,-7.413345589989524,1.099672352502462,four-leg-walker
64378,-7.632803287406749,-7.253371916160658,-0.145405351645589,four-leg-walker
64441,-9.103219698482537,-7.654073470047824,0.529851000159880,four-leg-walker
64503,-7.345828988951019,-6.045452717811504,1.035938861661401,four-leg-walker
64566,-6.132108206496291,-5.438222946751942,1.771818846751767,four-leg-walker
64628,-4.576181053354653,-7.195098759424928,0.399103154984163,four-leg-walker
64691,-3.796598721405784,-7.342877530351291,0.895506896059671,four-leg-walker
64754,-3.691069585197110,-7.520740970180951,3.162256013951001,four-leg-walker
64816,-2.785631213099041,-6.857113698402555,2.376983990734824,four-leg-walker
64879,-5.169722242598458,-6.463975416613462,2.680545424813922,four-leg-walker
64941,-7.313419409691223,-4.918433276890397,2.154005851437465,four-leg-walker
65004,-8.876076616613362,-4.363200465175924,1.223540130031700,four-leg-walker
65066,-8.481770696484883,-5.230692490734558,-1.220409747177452,four-leg-walker
65129,-16.284884264642852,-12.918814315228088,15.530701210328623,four-leg-walker
65192,-4.741036437694735,-9.225700613018862,2.192153808786820,four-leg-walker
65254,-5.647966039936279,-6.680753942279069,1.015183798935091,four-leg-walker
65317,-5.714251307108621,-4.494392080351090,2.299158914217241,four-leg-walker
65379,-6.185813563365063,-4.254434037913303,5.288547785409836,four-leg-walker
65442,-7.705532951544356,-5.185725676198068,-2.794094347604012,four-leg-walker
65504,-7.463206579952038,-6.347212335144170,0.533006802236236,four-leg-walker
65567,-10.714995928115016,0.178230595738837,2.514316212460027,four-leg-walker
65630,-7.185880928275873,-6.277098240786307,-0.689898551463719,four-leg-walker
65692,-5.684520542332769,-6.430153473641589,-0.040194792466452,four-leg-walker
65755,-9.656892864749672,-0.239481276656264,2.529249121192557,four-leg-walker
65817,-7.876850291800299,-6.504649398720454,4.937521210438084,four-leg-walker
65880,-7.223572392439745,-6.795898515333652,-2.082369994088942,four-leg-walker
65942,-12.531722966452953,2.027703826757341,-0.858750889081173,four-leg-walker
66005,-7.686386140308763,-8.504269506656144,2.067215403221615,four-leg-walker
66068,-7.761514381177366,-3.414223090175397,-4.348958478010019,four-leg-walker
66130,-9.076087327476284,-4.385056816932650,1.685657921724824,four-leg-walker
66193,-8.088114491214071,-6.542126954206509,0.350159727092664,four-leg-walker
66255,-8.896841699414336,-4.947633746192701,-2.101955036687958,four-leg-walker
66318,-7.957140408306718,-5.888966395766954,0.093634919960212,four-leg-walker
66381,-9.196147473553559,-5.156390434149504,1.086902935534139,four-leg-walker
66443,-8.135727698615669,-3.827448299733862,-2.212462734637929,four-leg-walker
66506,-6.393175656709142,-5.818212772843905,0.205363612935883,four-leg-walker
66568,-9.326422408680747,-4.119602528274687,2.113535700853524,four-leg-walker
66631,-6.751859689030895,-7.634026995553780,1.415301504179999,four-leg-walker
66693,-10.292569112620182,-1.495428619888702,-1.505943755511780,four-leg-walker
66756,-8.393427711660458,-3.586677320127996,0.750652182861705,four-leg-walker
66819,-7.993687187673191,-6.351721438445281,-0.086099671616090,four-leg-walker
66881,-10.036953480031960,-0.777397705271390,0.077946248242735,four-leg-walker
66944,-7.073795391639377,-6.245307987406926,1.737976374442482,four-leg-walker
67006,-7.652452170207799,-3.520035122604280,-1.190867769542477,four-leg-walker
67069,-9.280364648562276,-3.508571684664620,1.900680279872238,four-leg-walker
67131,-8.022150892651617,-5.938710398189657,0.773811104856300,four-leg-walker
67194,-8.606168882321464,-3.022991531416517,0.532596371117938,four-leg-walker
67257,-8.495212283546318,-3.824547466134208,0.521561183090957,four-leg-walker
67319,-8.525727794462068,-6.701595789883099,0.853497105857451,four-leg-walker
67382,-8.485387912140075,-3.490202619408532,1.384344825665567,four-leg-walker
67444,-5.971543150159436,-6.022077589856062,3.744662519568592,four-leg-walker
67507,-7.863867430244945,-5.744363919595212,1.635529132268514,four-leg-walker
67569,-6.841951505361170,-5.071830387007626,2.637359781683127,four-leg-walker
67632,-4.485628275798868,-6.130991937140688,1.320884031789239,four-leg-walker
67695,-2.857832859744411,-7.761048106709254,1.481176354579317,four-leg-walker
67757,-1.564808441746719,-6.988189998828310,2.679393417678997,four-leg-walker
67820,-1.380487941933198,-6.943728005990299,3.124816813099835,four-leg-walker
67882,-1.866942489004302,-8.739282117944837,3.214954377689162,four-leg-walker
67945,-3.544348827289606,-9.872980411608088,1.544030468503367,four-leg-walker
68007,-5.920634561501370,-10.613400000000000,2.276229392892146,four-leg-walker
68070,-6.337609464935988,-8.199881497470239,2.540776419063004,four-leg-walker
68133,-8.068263515441950,-3.147486440894583,2.956695298544529,four-leg-walker
68195,-9.886620731629927,-3.680959650479898,0.672375799872150,four-leg-walker
68258,-9.338367453407360,-2.264901025851243,1.125762833600549,four-leg-walker
68320,-1.698136008437881,-4.638739556576550,4.550190386316025,four-leg-walker
68383,-4.428846014909798,-4.228096346325807,4.269800111288089,four-leg-walker
68445,-6.032450034876757,-7.043358662460172,5.277486913578437,four-leg-walker
68508,-6.756518444009557,-6.430033500026523,1.866129256589015,four-leg-walker
68571,-6.976581193929739,-5.632212377476166,4.975712458306569,four-leg-walker
68633,-6.475838958598819,-3.093521138098465,5.988212053487376,four-leg-walker
68696,-6.835180703141366,-5.814108336526759,2.314611741162043,four-leg-walker
68758,-8.509704472843476,-5.907725478833843,1.563261163658259,four-leg-walker
68821,-7.683584700000000,-4.363506697442505,3.291828664642841,four-leg-walker
68883,-6.335805036181886,-4.488929041800421,4.387414743132201,four-leg-walker
68946,-6.442700138818005,-4.933085769967943,5.085070423322570,four-leg-walker
69009,-9.773341970180985,2.323954314163874,5.323557584132550,four-leg-walker
69071,-4.801884215228722,-8.818522477368333,2.147778324201868,four-leg-walker
69134,-7.823777212939174,-3.691551379313949,4.295039134185190,four-leg-walker
69196,-8.492306671459001,-4.162359336661340,3.096195233732694,four-leg-walker
69259,-7.341199783519560,-9.732148055245897,0.527174362311061,four-leg-walker
69321,-8.708399134185550,-1.630229469648577,3.683712792972099,four-leg-walker
69384,-9.152326246272921,-2.839496941186875,3.704065186368870,four-leg-walker
69447,-7.554139566986149,-7.429904953141943,2.688916905751202,four-leg-walker
69509,-7.087247392172356,-4.270850481229509,3.804840017571754,four-leg-walker
69572,-9.241709924653701,0.413210077177220,1.970906379446016,four-leg-walker
69634,-7.437664440681532,-5.078187666932810,1.855134825399487,four-leg-walker
69697,-7.758238759344727,-8.514767194090741,0.313452155112876,four-leg-walker
69759,-9.300063744675452,-1.973498886102833,0.189000712638069,four-leg-walker
69822,-8.309007724973409,-5.020992877262872,2.005238275852010,four-leg-walker
69885,-8.277054233625003,-4.707877105113695,2.021631754633321,four-leg-walker
69947,-9.789926821086370,-1.409412979232601,0.425823242779982,four-leg-walker
70010,-7.574741886262109,-6.960287569115884,1.425758059584962,four-leg-walker
70072,-8.949361884185306,-3.983835416932883,0.713205323642155,four-leg-walker
70135,-8.853267053514186,-2.750068121379195,1.535475557721212,four-leg-walker
70197,-7.962689956336913,-5.733132433706587,1.574704194781891,four-leg-walker
70260,-5.288904376677328,-8.554777613418516,0.880783083514407,four-leg-walker
70323,-8.934254752129689,-8.711154709131330,1.326086856549898,four-leg-walker
70385,-6.682245822790466,-4.526617260169887,3.789559809725970,four-leg-walker
70448,-2.257470240894709,-7.212473605111736,3.645475569329053,four-leg-walker
70510,-0.905229295165064,-7.482952355165064,1.606379744515525,four-leg-walker
70573,-1.259862823509383,-8.695477421726542,3.021581793104697,four-leg-walker
70635,-2.949469305431365,-11.072061092652183,3.576220692012530,four-leg-walker
70698,-5.131039159265179,-8.251862056443100,1.333560897936561,four-leg-walker
70761,-7.355632985515868,-5.899504356868442,1.263327094249675,four-leg-walker
70823,-8.554380147763322,-6.113402934424109,0.390262754776828,four-leg-walker
70886,-9.419292579339658,-4.021993547710315,0.129338142971475,four-leg-walker
70948,-8.261922925452218,-3.852944826890253,0.352520228306263,four-leg-walker
71011,-6.439697615545349,1.094635343137091,-0.926300530991649,four-leg-walker
71073,-5.421770789989373,-2.279800693610359,3.869646734398491,four-leg-walker
71136,-7.272490626197985,-3.043471512460007,3.087805890096015,four-leg-walker
71199,-7.247498578594016,-3.677885317410708,0.114833544583806,four-leg-walker
71261,-8.591836921953359,-4.148449607713667,3.363331140544706,four-leg-walker
71324,-9.419802406283249,-3.776690026783808,6.383907106709197,four-leg-walker
71386,-7.303875446006641,-4.185719562621292,3.200610417889030,four-leg-walker
71449,-6.187202851304276,-3.985275805059849,1.596751742703458,four-leg-walker
71511,-7.179289067146032,-5.398180962194330,4.206296033546026,four-leg-walker
71574,-8.561048930511076,-5.399898990894489,1.728001763099073,four-leg-walker
71637,-7.466622610996144,-7.080025307773945,-0.310451808461633,four-leg-walker
71699,-13.106327639333394,3.066587022897616,-0.165926750926810,four-leg-walker
71762,-7.786633707747598,-4.256052701757203,7.979195408226835,four-leg-walker
71824,-6.230374913763642,-7.840364405459326,-1.357028228833036,four-leg-walker
71887,-9.803620307241829,0.187591019807935,3.224378612355176,four-leg-walker
71949,-8.042554025559065,-3.315107428434461,0.898433363195317,four-leg-walker
72012,-4.986592150691910,-7.071511357830024,0.793796274066669,four-leg-walker
72075,-8.286782000000001,-3.834634470818989,1.655685224388991,four-leg-walker
72137,-7.173318740814894,-6.106596559185106,1.603899438497999,four-leg-walker
72200,-6.723686780617665,-7.407594664590076,0.021560603961764,four-leg-walker
72262,-8.520364825346149,-2.872516017891544,0.561733060681868,four-leg-walker
72325,-7.901719573482453,-5.180035885782574,2.299791079073918,four-leg-walker
72388,-7.108843640202378,-7.261519165202443,-0.837595600308862,four-leg-walker
72450,-8.937539807774280,-5.551272149626787,-0.200945116960841,four-leg-walker
72513,-8.214570257720490,-5.521926436634473,-0.714813841640555,four-leg-walker
72575,-8.095929616613583,-3.473130101633029,-1.661954308554102,four-leg-walker
72638,-7.554364017997796,-7.800787425026471,0.893263673148829,four-leg-walker
72700,-9.791404768902531,-3.713211418850705,-0.109505843578888,four-leg-walker
72763,-8.616609831735653,-2.733598223748283,2.226069971885081,four-leg-walker
72826,-7.866551530777439,-6.391549406389799,0.909313051437674,four-leg-walker
72888,-8.287746175719981,-9.690005559104954,1.390819623002767,four-leg-walker
72951,-8.942715835640513,-3.777776004328940,0.766884202762254,four-leg-walker
73013,-6.722850395633700,-2.341619828221337,2.738214687885759,four-leg-walker
73076,-4.535305380191600,-7.122463375399459,1.423978810223588,four-leg-walker
73138,-4.935856728062159,-6.767011610889901,1.318054459078854,four-leg-walker
73201,-5.598043908412640,-5.900554892012089,4.603227398829071,four-leg-walker
73264,-4.968508608626186,-5.413037338658122,3.383903498083012,four-leg-walker
73326,-5.293921400373148,-5.492167552183734,0.795703110703035,four-leg-walker
73389,-8.424474189563325,-4.396624688231951,3.076237888259605,four-leg-walker
73451,-12.254402596379004,-4.485426466453958,0.936741769648578,four-leg-walker
73514,-6.821540165442226,-4.100797335569827,0.305435120154456,four-leg-walker
73576,-6.188808673054892,-2.069012528646904,1.090691830048359,four-leg-walker
73639,-5.143114364214699,-2.194975629073591,3.564382554636168,four-leg-walker
73702,-5.985349358892629,-4.888473227369563,3.466533886261847,four-leg-walker
73764,-7.051072310437068,-5.616744099893980,1.685902710223772,four-leg-walker
73827,-5.803070844249178,-5.768496888418473,2.165617255910807,four-leg-walker
73889,-9.095383691160876,-1.339306667838160,2.105715074281347,four-leg-walker
73952,-8.872599924654768,-1.026155289084546,2.796625497710615,four-leg-walker
74014,-7.140718012459623,-7.598201541533681,1.025594502172830,four-leg-walker
74077,-7.409659422097751,-5.216417260490190,4.228045278487841,four-leg-walker
74140,-8.512977213791126,-3.232966543663344,2.353065569568601,four-leg-walker
74202,-7.023092835782271,-6.115712084904272,-0.176655233889389,four-leg-walker
74265,-7.946013268902213,-3.224297086475517,-3.219891917575695,four-leg-walker
74327,-7.846765346432347,-4.165647550000014,3.545804440575139,four-leg-walker
74390,-8.287699854633068,-5.703944803513907,2.228134819488220,four-leg-walker
74452,-9.266124931841590,-5.310821835143561,-1.572160162726109,four-leg-walker
74515,-10.266258701810276,-2.672000831203344,1.867044455591208,four-leg-walker
74578,-7.594255064696398,-5.770997563897867,2.004608576997015,four-leg-walker
74640,-7.781012874334235,-6.104281867413540,-1.661543088392906,four-leg-walker
74703,-10.321732523695724,-2.786434189776238,0.716667055220733,four-leg-walker
74765,-8.439149364217377,-5.255041764377103,-0.173175647923481,four-leg-walker
74828,-7.405886964988588,-4.914334494729510,1.114352911901877,four-leg-walker
74890,-9.356129903620646,-3.210837384558221,-1.146301276890037,four-leg-walker
74953,-8.949843942492024,-2.793247869009517,0.853405366677354,four-leg-walker
75016,-8.534012588658413,-5.079138771433147,1.043963566133386,four-leg-walker
75078,-7.817661782881809,-11.672643562035294,2.687751976064245,four-leg-walker
75141,-8.372555021965205,-6.233046432188642,-0.213760474153317,four-leg-walker
75203,-5.762078122577110,-1.100403978967181,3.697455190601501,four-leg-walker
75266,-3.125237449813461,-8.211028895367738,5.343058402821925,four-leg-walker
75328,-0.993720108051307,-10.673142217252552,1.256821615974943,four-leg-walker
75391,-0.927123836767843,-9.068506036741226,-0.025669816054292,four-leg-walker
75454,-3.241381266746559,-8.284230308972182,2.401568031922417,four-leg-walker
75516,-6.475915640040816,-7.575297257188616,1.986384803301208,four-leg-walker
75579,-8.795936205537595,-6.601547345047609,3.407151642385449,four-leg-walker
75641,-7.862042231442722,-4.502093139483870,2.295490738471750,four-leg-walker
75704,-8.383338653356033,-1.551300573082556,3.289580237301114,four-leg-walker
75766,-9.240215749733810,-1.587421882162232,2.396444228514569,four-leg-walker
75829,-9.404593846112922,-5.098978414270404,-0.221836147673070,four-leg-walker
75892,-19.601740035143749,-17.654832252402230,-15.102462800593656,four-leg-walker
75954,-10.019594128862067,-9.161383574546319,1.610731143844610,four-leg-walker
76017,-8.279952903753969,-6.326719535396732,3.929687962859388,four-leg-walker
76079,-6.973560785461425,-5.590212443688563,4.558217511900712,four-leg-walker
76142,-6.822608585410117,-4.415335534079249,4.140997400000000,four-leg-walker
76204,-7.357078263444924,-1.391933589856642,1.641667548588081,four-leg-walker
76267,-6.441798146166263,-4.425175340974093,2.716827422124869,four-leg-walker
76330,-6.012734661741469,-7.257606238258531,5.315563722922114,four-leg-walker
76392,-9.302535427760132,-7.067964625558418,5.264344626553624,four-leg-walker
76455,-11.590067054313131,1.933097529808429,1.710879222843463,four-leg-walker
76517,-6.450546213098738,-4.366055545686744,6.049587403407449,four-leg-walker
76580,-5.787169366880060,-11.278766077743452,-4.762767689831998,four-leg-walker
76642,-10.386058172524129,-0.174835136357671,2.517115186261913,four-leg-walker
76705,-8.108159423854847,-2.289653189669747,3.712811038312108,four-leg-walker
76768,-8.668400720048021,-5.256066393904150,2.444635577848205,four-leg-walker
76830,-7.673260873961651,-7.210347743130697,-1.199940204153213,four-leg-walker
76893,-8.359576900349916,-2.881571877103333,2.680366312140613,four-leg-walker
76955,-6.635185578168551,-5.097298385783536,1.932506269542831,four-leg-walker
77018,-8.955617073481774,-6.634551039615662,0.245122521341874,four-leg-walker
77080,-8.388740331203341,-4.420798561794445,-1.397480552476174,four-leg-walker
77143,-7.915026247923492,-2.934607863792082,0.849989503567569,four-leg-walker
77206,-8.435631693289945,-5.331821987220650,1.683914387220650,four-leg-walker
77268,-9.253251617678274,-4.048754359637797,3.298996909638021,four-leg-walker
77331,-8.286251431309847,-8.735532602769082,1.682629595527000,four-leg-walker
77393,-11.883370045794379,-12.776088371671383,-0.492753373866474,four-leg-walker
77456,-6.694988641107131,-6.488169263844671,1.266832090228931,four-leg-walker
77518,-1.250805651384542,-6.686912710702813,-0.003454081203644,four-leg-walker
77581,-0.805310799840247,-7.711857000798764,-0.498924849840247,four-leg-walker
77644,-1.515763069381934,-8.236594452581693,-0.535851630228983,four-leg-walker
77706,-4.024203410782670,-8.804891569222320,2.097738793716953,four-leg-walker
77769,-7.975149976837239,-7.725989611102367,3.032596676677240,four-leg-walker
77831,-7.609527195207117,-6.646738162939134,0.649229635676843,four-leg-walker
77894,-7.031543256629546,-1.742177433520518,6.647235287003895,four-leg-walker
77957,-7.827203075000000,-3.542587325000000,-0.162767522750000,four-leg-walker
