38156,9.636794999999999,-2.178212400000000,2.273958200000000,hemi
38218,8.718112545639730,-1.747832730740128,2.241430308710850,hemi
38281,9.361922040983627,-2.132380176891292,5.776768170933634,hemi
38343,9.564080217213107,-1.395772927553577,4.782837080832325,hemi
38406,9.781621304224508,-1.244089190605274,3.595060283732713,hemi
38469,9.320287690416137,-1.569265083921842,2.321831000000000,hemi
38531,9.080263107187884,-2.196758002017650,2.167430610340469,hemi
38594,8.879160596469113,-1.818979280580110,3.188515745397191,hemi
38657,8.588796940731386,-1.186454659773009,4.019317040983609,hemi
38719,9.058699071563654,-0.935460526715003,4.407144360308957,hemi
38782,9.718854552332949,-0.982485127641874,3.638489817717431,hemi
38845,9.577147517023947,-1.038350807187892,2.961859524117268,hemi
38907,8.691328254098380,-1.722838353184126,2.811923436475405,hemi
38970,9.315968819672163,-1.478327836065568,2.744995118032800,hemi
39033,9.483041559899117,-1.785936217118538,2.666421428278688,hemi
39095,9.065340363808348,-1.909370181462793,3.095106552269843,hemi
39158,9.151656245271143,-1.694739483417372,3.397345044388419,hemi
39220,9.139376803278697,-1.565383348991171,3.796255948392180,hemi
39283,9.096154801071901,-2.002894115573786,3.780140231052949,hemi
39346,9.041252303909195,-2.032034347288761,3.760574659394719,hemi
39408,9.004457454918027,-1.977146700000000,3.844602547257256,hemi
39471,9.117655979823438,-1.983551913177780,3.739922365952089,hemi
39534,8.972830437578823,-1.809102962295079,3.473120535939457,hemi
39596,9.071536824085747,-1.823235310655730,3.384966202175287,hemi
39659,9.147263805800780,-1.497274723076885,3.607194558291314,hemi
39722,9.352262792244652,-1.268629300000000,3.758015000000000,hemi
39784,9.294151315573790,-1.038839800000000,3.783834827868848,hemi
39847,9.196365000000000,-0.926661684675271,3.723857967812132,hemi
39910,9.110006846784364,-0.703543025775536,3.748814788839849,hemi
39972,8.701132565258536,-0.768107931311451,3.357616004161406,hemi
40035,8.588015064628021,-0.865613292616641,3.328044022162679,hemi
40098,8.724782026796975,-1.163309100000000,3.442054500000000,hemi
40160,9.175592162673379,-1.064315580296314,3.808239249842349,hemi
40223,9.128223522698633,-1.168829831557381,3.669257009993707,hemi
40285,8.679797868773653,-0.976375756923072,3.863335100000000,hemi
40348,8.261909932219385,-1.186282606746541,3.752264866803288,hemi
40411,8.848059368852464,-1.217780215573768,4.138667169041604,hemi
40473,9.666584121374509,-1.364374900000000,4.314405121374509,hemi
40536,11.732343813997471,-1.387979281210562,4.628020113493056,hemi
40599,10.420614110655732,-1.199017462704909,4.072680683606553,hemi
40661,9.778125917244669,-1.233240785182773,3.181986733606677,hemi
40724,8.729741587011336,-0.927467625652592,2.263390558795693,hemi
40787,10.080593361286256,-1.254828836191678,1.855780375220680,hemi
40849,9.826335865699905,-1.502638482786879,1.234550882786879,hemi
40912,9.215514000000001,-1.576971150819682,1.203563311034058,hemi
40975,9.028550663934428,-1.785655500000000,1.458375769230764,hemi
41037,9.033836119482954,-1.303576993694844,2.112144502837240,hemi
41100,9.783721626733938,-1.227022769609064,3.050499498865097,hemi
41162,9.780371490699869,-0.694324683890308,3.355841241803274,hemi
41225,9.572376682639820,-0.157106908461561,3.710158234846450,hemi
41288,8.925573475409825,-0.934871897916147,3.751199313902892,hemi
41350,8.632999868852442,-1.021912220176541,3.224061227364435,hemi
41413,9.598496000000001,-1.137018322131202,3.365458000000000,hemi
41476,9.533110691046650,-1.630361702963424,3.210396564501893,hemi
41538,9.573914803278679,-1.278203800000000,3.128810598360661,hemi
41601,9.618765528373247,-1.182458200000000,3.123649061475397,hemi
41664,9.713391000000000,-1.198090835435056,3.133649161885246,hemi
41726,9.627219999999999,-0.876072300000000,3.297725349337948,hemi
41789,9.379284622950777,-0.685903182011344,3.308010600000000,hemi
41852,9.043172000000000,-0.562282040646281,3.370692111506934,hemi
41914,8.916203664249657,-0.500789982774253,3.442054500000000,hemi
41977,8.992721750000019,-0.767806081538470,3.439476753846174,hemi
42040,9.079004432377051,-0.881004461002518,3.432479900000000,hemi
42102,9.699162561475360,-0.868049187610357,3.679866920491786,hemi
42165,9.713391000000000,-0.911291669319030,3.783659889407303,hemi
42227,9.368708000000000,-0.838087960163948,3.652537740163928,hemi
42290,9.167774311475375,-0.706157039344253,3.704141498738970,hemi
42353,8.539807813997470,-0.803025544476668,3.652157580138719,hemi
42415,8.688783569987338,-0.660185905627355,3.617937187988674,hemi
42478,9.491860165195455,-0.982708494728884,3.745446132408608,hemi
42541,8.713840399747792,-0.973743674438840,3.901579087578816,hemi
42603,9.010750208490954,-0.724400609163538,4.223469847120631,hemi
42666,9.253812999999999,-0.443988554870749,4.368329726197993,hemi
42729,8.897018508196728,-0.450638221261032,4.054826300000000,hemi
42791,7.947416418095846,-0.235639234016408,3.979292347351843,hemi
42854,7.888423674464057,-0.238633544426246,4.073975600000000,hemi
42917,8.425779523013869,-0.584546220633663,3.872909800000000,hemi
42979,9.727454692307484,-0.915064746153796,3.686875954886574,hemi
43042,12.653801188524531,-1.116221149180362,4.311613123770487,hemi
43105,10.328330864438890,-1.017161219293851,4.002136190100890,hemi
43167,8.257436407314046,-0.772418290769250,3.023484354981171,hemi
43230,9.894282229508216,-0.611546384615393,2.419001304918036,hemi
43292,10.622430694514483,-1.402265607408561,1.594707721090813,hemi
43355,9.857275527112167,-1.651611700000000,1.138388677427497,hemi
43418,9.252128679697350,-1.544045761097098,1.172883600000000,hemi
43480,8.911234982976035,-1.197393532093328,1.539783703720015,hemi
43543,8.517954137452728,-0.968165546279944,2.495555384867608,hemi
43606,9.142202151324080,-0.888381564438844,2.868401770680957,hemi
43668,9.009223802963422,-0.119682010000000,3.505575033701079,hemi
43731,8.769229087011398,-0.829129153467856,3.947864076923098,hemi
43794,10.155118957440092,-0.876331886065572,3.707805814564962,hemi
43856,9.782140393442681,-0.938385373770426,3.737139295081909,hemi
43919,9.581261492591430,-1.540547343694827,3.587589651071870,hemi
43982,9.888018961065576,-1.297352900000000,3.378186829350544,hemi
44044,9.753169036885231,-1.394577644609064,3.240249166109718,hemi
44107,9.722966000000000,-1.346813417402268,3.044637723455218,hemi
44169,9.581783883196726,-1.244777391834814,3.154648616330373,hemi
44232,9.206494736443844,-0.943371904741468,3.333450165825984,hemi
44295,9.108883927490542,-0.836464039060529,3.539110074621691,hemi
44357,9.195978619167706,-0.837001303442600,3.514056882345529,hemi
44420,9.288053424968457,-1.012820652837338,3.407812929256006,hemi
44483,9.225089000000001,-0.977613322206808,3.430590354918032,hemi
44545,9.398807552805829,-1.049775689028983,3.392820268158911,hemi
44608,9.259196673549809,-1.201607300000000,3.302627263808325,hemi
44671,9.282536500000001,-1.174924088524592,3.426986355737709,hemi
44733,9.590739102458967,-1.053283138461580,3.703456319419933,hemi
44796,9.824548972887772,-0.837774040000000,4.249124802900345,hemi
44859,9.132917564943273,-0.296406913442629,4.449979287767967,hemi
44921,8.056993000000000,0.101368997846201,3.848442139817282,hemi
44984,8.243407432534688,-0.451513581708713,3.153918113493063,hemi
45047,8.882746433795717,-1.470105585876383,3.032690660403536,hemi
45109,8.842107000000000,-1.334045338461471,3.626373747036631,hemi
45172,8.529140373266081,-0.884149644640604,4.825125667969731,hemi
45234,8.349614662042908,-0.103623792219460,4.476107000000000,hemi
45297,8.147083551492276,-0.506520037578829,4.319058442622936,hemi
45360,8.919498402269859,-0.983787114487881,3.932751814487881,hemi
45422,9.533757166456425,-0.813336560907931,3.521295128121066,hemi
45485,13.337049024590202,-1.329058813934452,3.692484087704931,hemi
45548,9.775946658259793,-0.977818580605312,3.623971200000000,hemi
45610,7.898982102837229,0.838546754911646,2.214132254791978,hemi
45673,10.294499710592786,0.427317591771750,1.584589700000000,hemi
45736,13.207514385245910,-1.463078495397194,0.818624900000000,hemi
45798,10.631321743589529,-1.622642474358931,1.350135751282073,hemi
45861,8.606588465321540,-0.990967040000000,1.672976366141227,hemi
45924,7.681625883764173,-0.076886254959008,2.291727851261003,hemi
45986,8.229902143757922,-1.301584862484312,2.363793492307726,hemi
46049,9.209706847414887,-1.728341011475412,2.593287183354353,hemi
46111,10.948491889028988,-1.364405084615413,3.039923000000000,hemi
46174,9.699367860182816,-1.134585400000000,3.256720914029026,hemi
46237,9.237158256792387,-1.256559769265162,2.872165563177807,hemi
46299,9.206096950819679,-0.905737700000041,3.364359281967165,hemi
46362,8.591012686948275,-1.328853631715015,3.566523800000000,hemi
46425,8.836854409836052,-1.135125706872634,3.585132598770494,hemi
46487,9.787524950819607,-0.870977115636814,3.715853093442647,hemi
46550,10.299914993694836,-1.383524000000000,3.343833714123575,hemi
46613,9.820864655737713,-1.280357016981933,3.344155683018066,hemi
46675,9.187708558638102,-0.868332922698650,3.354965893442604,hemi
46738,9.087344389344263,-0.774452752250944,3.286688237263552,hemi
46801,9.287317363177777,-0.921071503619162,3.301309727364445,hemi
46863,9.397430999999999,-0.996364049230780,3.398359180958375,hemi
46926,9.133303647856238,-0.893349955800755,3.765718155800755,hemi
46989,8.707712360655760,-0.826068431336679,3.853760500000000,hemi
47051,9.097576909836018,-0.917524822424350,3.834611400000000,hemi
47114,9.284105508196719,-1.147299154918030,3.789171448360658,hemi
47176,9.081470500000000,-1.395428837704911,3.583596238461573,hemi
47239,9.397430999999999,-1.501153428057994,3.431568330327873,hemi
47302,9.877143512295094,-1.195552322477935,3.700567700000000,hemi
47364,9.289467344262201,-0.922194386859997,4.165398826734006,hemi
47427,8.413913766393449,-0.283243398994316,3.752690403310202,hemi
47490,8.824889503572917,-0.253725860000000,3.240988700000000,hemi
47552,8.602741999999999,-1.128959007692362,3.539478384615276,hemi
47615,8.094143305170233,-0.816330881765436,3.700302050315290,hemi
47678,8.294557775535901,-0.028391650300130,4.448047557377040,hemi
47740,8.750961650693604,-0.115552745831077,4.422414533795727,hemi
47803,8.776784294451447,-0.853165175384616,4.340004618379570,hemi
47866,9.266324329129869,-0.462153644624837,4.272104301544783,hemi
47928,13.497776065574016,-0.994027759999994,4.119180004918055,hemi
47991,11.466722452080715,-1.745600548045398,2.672971593726360,hemi
48054,9.708543881147556,-1.079622228909185,1.988964001607852,hemi
48116,9.884098004098369,-1.018872602049185,1.808894715384593,hemi
48179,9.368708000000000,-1.371860668095827,1.047170753846163,hemi
48241,9.086499094104681,-1.572017807692268,0.840288418461546,hemi
48304,8.866955218474162,-1.673667580485488,1.033026243076943,hemi
48367,8.989760687894053,-1.344072648896601,2.129413092307648,hemi
48429,9.527231069672149,-0.735662473480482,2.888903167875231,hemi
48492,8.448737847414890,0.180181024615370,3.240792569356899,hemi
48555,8.473514919637735,-0.716535049283497,3.750026554396425,hemi
48617,9.755632086065553,-0.987305602036539,3.581730793348066,hemi
48680,9.817440302017655,-0.780326660000000,3.904854125189159,hemi
48743,10.067101143442633,-1.100799765983612,3.627384952868880,hemi
48805,10.205334051702373,-1.373949400000000,2.992050200000000,hemi
48868,9.858881133669611,-1.414119114123582,3.076349685876417,hemi
48931,9.311260000000001,-1.278080043852466,2.714264239974786,hemi
48993,8.949096285939474,-1.247810901229504,2.862573351387124,hemi
49056,9.035787377049175,-0.913275840042037,3.186825388440515,hemi
49118,9.328042417402260,-0.825833016267330,3.458728401765476,hemi
49181,9.274480276639347,-0.820608062887751,3.561968922509448,hemi
49244,9.205269870744013,-0.817954805737708,3.585672900000000,hemi
49306,9.102478860655763,-0.923945070000000,3.495070753089517,hemi
49369,9.159776134930651,-1.122958298297608,3.539852623139971,hemi
49432,9.292369599621686,-1.249999277553590,3.557727866330385,hemi
49494,9.298303952080726,-1.378078672635575,3.656075491046637,hemi
49557,9.474028000000001,-1.332407363387976,3.772298270491800,hemi
49620,9.625931769230753,-1.256292796153851,3.941404586538440,hemi
49682,9.454884436948269,-1.044586914754087,4.056739972635567,hemi
49745,8.895291959016395,-1.030330810245901,3.656956774369482,hemi
49808,8.602741999999999,-0.989880392938242,3.719934125598985,hemi
49870,9.645739112547293,-0.789901260000000,3.941824176702382,hemi
49933,9.498549636822252,-0.789901260000000,3.985184428121081,hemi
49996,8.308945575451890,-0.729173824758312,3.272726783774716,hemi
50058,8.735222946721318,-0.900790449905419,3.305761869419955,hemi
50121,8.698487999999999,-0.914678403076949,3.850192831651923,hemi
50183,8.793641389659458,-0.465042305296415,4.811047962799478,hemi
50246,8.704208247477929,0.479784487641875,4.732507429129869,hemi
50309,8.151512794293829,-0.076711183794419,4.018251748738986,hemi
50371,8.113969098360636,-0.778443129508114,3.739336734426250,hemi
50434,9.215788984867604,-1.197903670901638,3.196819590416142,hemi
50497,14.014554454813032,-1.402785769230805,4.146539378772530,hemi
50559,10.487083753468074,-1.212727404728924,3.323531540037866,hemi
50622,10.463533634300124,-0.311173200000000,2.388852800000000,hemi
50685,10.882067121059391,-0.336830128877610,2.192387167591530,hemi
50747,10.033650568411060,-1.335651200000000,0.865715919278044,hemi
50810,9.111072833858781,-1.833528300000000,0.817994074432539,hemi
50873,8.334015323455263,-1.527136396406169,1.004375011487950,hemi
50935,7.987217926891565,-1.014574329066824,2.045484765668389,hemi
50998,8.757650564943248,-0.733456011544794,2.802774477931913,hemi
51061,8.997647972887727,-0.318363175384624,3.604822000000000,hemi
51123,8.963343416771755,-1.571039839659563,4.354746694609084,hemi
51186,9.712842305327845,-1.882499818852507,4.153672005327866,hemi
51248,10.000061047604063,-1.244834716803271,4.327843116803272,hemi
51311,9.927002199243377,-1.828578023076928,3.822392775283725,hemi
51374,10.077225000000000,-1.856353963114765,3.457527117685992,hemi
51436,9.944351936317757,-1.495732286065580,3.401069714123587,hemi
51499,9.463424026481714,-1.310462070145019,3.248057929539723,hemi
51562,9.166023614754124,-1.048414300000000,3.324799294766670,hemi
51624,9.133193009007389,-0.801450740180156,3.355883400000000,hemi
51687,9.057914573770498,-0.832606441042449,3.408163172257245,hemi
51750,9.148493000000000,-0.588328348991188,3.581139199180320,hemi
51812,9.270583311160166,-0.588835500000000,3.653853969230734,hemi
51875,9.458715240226988,-0.567751498139967,3.792509922572520,hemi
51938,9.459460995901658,-0.665432000000000,3.774873025977292,hemi
52000,8.803650704918025,-0.738889219672134,3.626953354098351,hemi
52063,9.112187785466585,-0.667819563076935,3.864934991298857,hemi
52125,8.761978054697616,-0.636708260000000,3.990729248423819,hemi
52188,8.518382221942007,-1.086712600000000,3.048905947793197,hemi
52251,8.868234639344282,-1.619398662105917,3.429841826481679,hemi
52313,8.970167946721244,-1.622888000000000,4.034880549905377,hemi
52376,9.857158348991172,-0.571781165589534,4.687794988650694,hemi
52439,9.965028534678494,-0.090958330000000,4.717269901198020,hemi
52501,8.573083087641814,-0.148405690000000,4.604312831967228,hemi
52564,8.082130152585124,-0.027522334058003,4.308558399495592,hemi
52627,7.808054000000000,-0.063102451692289,4.006433011396607,hemi
52689,8.081707508196750,-0.413988075353107,3.624973328184104,hemi
52752,8.883232851197970,-0.796777292566199,3.321632973833551,hemi
52815,11.280951081967411,-1.156716775409862,3.273479447541043,hemi
52877,10.886703868852440,-1.510601154854972,3.233369971248417,hemi
52940,9.143992423707429,-0.809977024558665,2.701812868032779,hemi
53003,10.455872271122393,-0.667870901639352,2.726220218663282,hemi
53065,9.942306657359026,-0.932584804096564,1.848123916141235,hemi
53128,8.788127354350593,-1.361072656525841,1.919865416078199,hemi
53190,8.832637651008822,-1.202875054728805,1.947472185056802,hemi
53253,8.567323769073139,-0.623786222657629,2.522896800000000,hemi
53316,9.491884668347955,-0.911358089766690,3.293594430390870,hemi
53378,9.967232504413586,-0.417519663947017,3.331035450567452,hemi
53441,8.716655487179501,-0.484742807692290,3.694921046153859,hemi
53504,8.933341348549790,-0.970936493599006,3.334643079268603,hemi
53566,10.204036311475432,-0.766779804615377,3.785567402774264,hemi
53629,9.718885696721342,-1.194073251639329,3.591715885245904,hemi
53692,9.067398755359386,-1.091210079508206,3.548533694073105,hemi
53754,9.322669308953344,-1.091819900756640,3.436150345397231,hemi
53817,9.768864938524597,-1.428435687168990,3.210290938524598,hemi
53880,9.416024606557416,-1.287361852017685,3.260415498171481,hemi
53942,9.210448455413438,-1.061940513871372,3.279286900000000,hemi
54005,9.177331032156353,-0.748258524615405,3.419560898108469,hemi
54067,9.272913707440056,-0.697379343505705,3.387734339722513,hemi
54130,9.146771987704918,-0.630574772052333,3.415537204602774,hemi
54193,9.132084317465297,-0.516341106368228,3.489927300000000,hemi
54255,9.163668970996280,-0.464366170000000,3.566197753089508,hemi
54318,9.183385730138713,-0.664792036822190,3.539925012484231,hemi
54381,9.043514590163975,-0.777847504691037,3.480352600000000,hemi
54443,9.071896000000001,-0.904482020655741,3.346309000000000,hemi
54506,9.402357098360644,-1.077138100000000,3.269712400000000,hemi
54569,9.864097093316571,-1.142149696216907,3.384607000000000,hemi
54631,9.444026848045741,-0.749604798461628,4.073975600000000,hemi
54694,8.579271203026495,-0.510693560592675,3.355267615132427,hemi
54757,9.133364339848729,-1.134585400000000,3.433409590037861,hemi
54819,9.421844631778066,-1.153118831273646,3.784275544388404,hemi
54882,9.571237021122325,-0.585116713855631,4.194843675630472,hemi
54945,10.333425752206814,-0.383145414508209,4.382673702900371,hemi
55007,8.683053696721311,-0.163091510470786,4.171765534510298,hemi
55070,7.796922059205561,0.013193696303288,3.962974531651923,hemi
55132,7.712586097446386,-0.416423975239602,3.815462400000000,hemi
55195,8.118509264817142,-0.788066034426227,3.471695796973519,hemi
55258,11.091774881147177,-1.078903888934434,3.203435999999963,hemi
55320,11.093009748738950,-1.370454061538480,3.503848430075670,hemi
55383,9.791014770491783,-0.912788840037838,2.746830282471624,hemi
55446,10.524368016393495,-0.643421312963482,2.714388000000000,hemi
55508,9.717351274274877,-1.123030691298879,1.939343524590160,hemi
55571,8.808685930643142,-1.510432127112239,1.874265427112239,hemi
55634,8.612643008827227,-0.896199381197953,1.939500487011329,hemi
55696,8.590034856557386,-0.769185545734556,2.138869913398489,hemi
55759,9.743467690731370,-1.066193112736439,2.271217425472878,hemi
55822,9.198320812105955,-0.878378390163940,2.831588638335441,hemi
55884,8.066566999999999,-0.776961078196722,4.270329197005045,hemi
55947,8.945500745271019,-1.277757068158927,3.595470832976022,hemi
56010,10.539317988965891,-0.521716946705598,4.074168657093218,hemi
56072,10.524089901639346,-1.290917580327867,3.550670722950824,hemi
56135,10.088472129886497,-1.750701669356852,3.011199200000000,hemi
56197,9.728513660781923,-1.410234351418704,3.176487346942006,hemi
56260,9.361615151864532,-1.332104924085752,3.096305972257255,hemi
56323,9.235804971311493,-1.180746737074374,3.127234983228265,hemi
56385,9.180442325662087,-1.039950542686062,3.252679306179052,hemi
56448,9.217766258196729,-0.732453900000000,3.389678221847401,hemi
56511,9.390669688524598,-0.607984600000000,3.454442217906691,hemi
56573,9.441373987704916,-0.594479967181586,3.491641893316514,hemi
56636,9.177217000000001,-0.487982624076273,3.515140514564948,hemi
56699,9.179043948657911,-0.383359296483509,3.516822613150773,hemi
56761,9.175570028583438,-0.613594896267339,3.354237442622951,hemi
56824,9.112125904161401,-0.826267652597742,3.118408924905441,hemi
56887,9.066991286885241,-0.962478789754109,3.102510761475425,hemi
56949,9.179284220050434,-1.085049438114755,3.064061520397222,hemi
57012,9.513140936948290,-0.989337069066849,3.442869479508189,hemi
57074,9.725193480453992,-0.658350674438828,4.064135377049212,hemi
57137,8.995298999999999,-0.306437857538454,3.794446613493074,hemi
57200,9.253673720996158,-0.648939100315225,3.653884051071802,hemi
57262,8.941535153846134,-1.323130561538435,4.042305853846162,hemi
57325,8.676900402269837,-0.139579706500666,4.269221564186630,hemi
57388,9.417434567465349,-0.237483511497468,4.180150058543535,hemi
57450,8.490528377049170,-0.478392965419295,4.015858012736447,hemi
57513,7.892987438524604,-0.269270936923082,3.926753017150068,hemi
57576,7.789629387578793,-0.426792380012588,3.867035703089566,hemi
57638,8.074197622950820,-0.643403228669609,3.734114861538461,hemi
57701,10.008712040983385,-0.896790982786849,3.287291865573806,hemi
57764,12.722405364439243,-1.241384643505589,3.996111245271196,hemi
57826,10.105772838587653,-1.087503376923082,3.134702706620435,hemi
57889,10.110490803593997,-0.394618588281811,3.066829588051682,hemi
57952,10.426816487704890,-0.294357373206193,2.276291431778072,hemi
58014,10.088375127049185,-1.116284449464049,1.537444435813383,hemi
58077,9.389854629886418,-1.689909900000000,1.132071053121086,hemi
58139,8.507358972572568,-1.449148342686164,1.136707413272339,hemi
58202,8.283449465321560,-0.921035303076930,2.065382440731372,hemi
58265,9.025876480454025,-0.879646104728862,2.723389027238359,hemi
58327,9.900577925598988,-0.046203591218785,2.997540681998750,hemi
58390,8.811668388398562,-0.682383677276105,3.196170523076947,hemi
58453,8.519761517654523,-1.498874484836072,3.192660205643121,hemi
58515,10.130748524590167,-0.984531596721309,3.646730295081968,hemi
58578,11.133033934426150,-0.757869302698597,4.155184345775512,hemi
58641,10.410199945144981,-1.431701665889034,3.797837619892838,hemi
58703,9.717091803909204,-1.161781710056752,3.955380070018917,hemi
58766,9.816094582913024,-0.951277283417395,3.559732147698627,hemi
58829,9.890367309426225,-1.009500403524574,3.125478231273628,hemi
58891,9.729052895874624,-1.042149737939108,2.858006200000000,hemi
58954,9.570481720470843,-1.000541600000000,2.684316105254354,hemi
59017,9.406984877259333,-0.636704235384612,2.704813200000000,hemi
59079,9.231566916141244,-0.506045112071262,2.776764284457766,hemi
59142,8.942932127364466,-0.344976969000659,2.918254861696052,hemi
59204,8.784659000000000,-0.301598670000000,3.011199200000000,hemi
59267,8.723227801702377,-0.440638047386474,3.155412439407328,hemi
59330,8.977249213114732,-0.517575634426219,3.267044068852464,hemi
59392,9.379779147540985,-0.751603000000000,3.336734300000000,hemi
59455,10.012497016393455,-1.064122451450172,3.491472870743969,hemi
59518,10.364462000000000,-1.202005738587630,3.556949100000000,hemi
59580,9.987776471311488,-0.953118547950821,3.737966399401007,hemi
59643,9.481007003783123,-0.843454781904192,3.030348300000000,hemi
59706,9.431436774590138,-1.287778400000000,3.088785859520754,hemi
59768,9.583524680958375,-1.272215178562417,3.434254819167699,hemi
59831,9.014449000000001,-0.655354360445468,3.893318523034901,hemi
59894,9.346875224464103,0.069125793131822,4.030696689628024,hemi
59956,8.724401369167747,-0.738270417739580,3.788993400189165,hemi
60019,7.577495005674598,-0.212252182632377,4.184876833575039,hemi
60081,7.578047172131154,0.177129370000000,4.317583276923093,hemi
60144,8.119502286885224,-0.488577251885223,3.867847709426252,hemi
60207,9.147098138083289,-0.866497700000000,3.589639106746499,hemi
60269,12.551222740226988,-1.086302091803280,3.844186000000000,hemi
60332,10.746296851828546,-1.400759415384644,3.288861500000000,hemi
60395,8.988052443568700,-1.069890653846127,3.177278066141219,hemi
60457,9.930757302963423,-0.582010729949559,2.871655668820932,hemi
60520,10.328542032786871,-0.846129149054203,2.506126032786871,hemi
60583,9.492494867591416,-1.082948555611614,1.972700534016398,hemi
60645,9.029317624842372,-1.258040492685998,1.802552852395975,hemi
60708,8.743879535939527,-0.891068016923110,1.992546894262287,hemi
60771,9.244999167402282,-0.861520267320300,2.677230575283750,hemi
60833,9.656783808322805,-0.498773623076939,2.838017968568746,hemi
60896,8.939789997478066,-0.238663735349842,3.129106437200524,hemi
60959,7.448772459016383,-1.199252914754100,3.147754419672136,hemi
61021,8.842007389659480,-0.901659758530918,3.655897334520811,hemi
61084,10.108894423076880,-0.530283344230716,4.006953700000000,hemi
61146,10.335290770491806,-1.349789659079446,3.633992481841108,hemi
61209,9.896766582913042,-1.416087164092078,3.489441425662026,hemi
61272,10.099989905422470,-1.393735429161448,3.305031428247174,hemi
61334,9.789200686475407,-0.887222438020181,3.308010600000000,hemi
61397,9.656883418663325,-0.877699230769196,2.815264815857475,hemi
61460,9.373060366960921,-0.995319661538475,2.703074713430065,hemi
61522,9.272135218316517,-0.983046569514510,2.910252814722571,hemi
61585,9.293502502049153,-0.400999616923068,3.174839215384661,hemi
61648,9.276330346784436,-0.473373263934455,3.280421946279892,hemi
61710,9.308301771752834,-0.582919306116009,3.305752812232017,hemi
61773,9.267154918032766,-0.663548472131158,3.170042783606525,hemi
61836,9.203679068411082,-0.835513217030249,3.157078437137468,hemi
61898,9.567865344262282,-0.882785302446388,3.195977503530913,hemi
61961,9.668646106557363,-0.943094200000000,3.312701292496827,hemi
62023,9.462186275535936,-0.902384194268601,3.296024413965952,hemi
62086,8.964342192938290,-0.853868470113504,3.375032700000000,hemi
62149,8.742932049180340,-0.872643324110982,2.977332037957142,hemi
62211,9.119938023959648,-1.019690600000000,3.068477663682219,hemi
62274,9.210069301387117,-1.068939924211847,3.264327584615315,hemi
62337,9.370573300126098,-0.939115879899104,3.666247768411110,hemi
62399,9.742434971626736,-0.617239174079443,4.205779602206796,hemi
62462,9.226085522068153,-0.330092936923142,4.619725000000000,hemi
62525,8.049941418032768,-0.237347680586384,4.292681191866318,hemi
62587,7.484402508196734,-0.552970099999984,3.926040672131151,hemi
62650,8.076823849148671,-1.164139207944486,3.443862538461585,hemi
62713,13.136810209542023,-1.568157217276189,3.097627938629731,hemi
62775,12.233553388398535,-1.857277524085715,2.719797049180332,hemi
62838,9.974845116645669,-1.259431974621658,2.544985663114775,hemi
62901,10.555651397856240,-0.710533792307689,2.565831250504413,hemi
62963,10.199263144467222,-0.600030914692617,2.102275561995617,hemi
63026,9.281763778688537,-0.982937895535916,1.669988070617918,hemi
63088,8.526749688524596,-1.134283553373264,1.527142400000000,hemi
63151,8.012983404791923,-0.904626928259807,2.002175847288749,hemi
63214,8.445571225094461,-0.645661044974792,2.621129509709910,hemi
63276,9.648989871374528,-0.362571575813376,2.724868032786893,hemi
63339,8.357954401954462,-0.876220211860128,3.015497507187856,hemi
63402,8.347054762294997,-1.304102218032873,3.311777745901525,hemi
63464,10.287617343001241,-0.878595713846135,3.468254697730157,hemi
63527,10.764371926229460,-1.240901634867648,4.294190400000000,hemi
63590,10.482543941992512,-1.440971400000000,3.877377048423723,hemi
63652,9.839973465006324,-1.120751777459021,3.973970777459021,hemi
63715,9.577313569672118,-1.185509866740247,3.558983562200518,hemi
63778,10.077055958385875,-1.029603365573772,3.087626663682219,hemi
63840,10.040624891708715,-0.960884992662347,2.944516971248427,hemi
63903,9.853544737389637,-0.961377006967208,2.619508583984873,hemi
63966,9.258545667087013,-0.732381436923079,2.666587543001259,hemi
64028,8.920363230138728,-0.525133848357530,2.775792436948291,hemi
64091,8.749222821248441,-0.413136854016402,2.857758787704932,hemi
64153,8.894633681588902,-0.450137167446408,3.111599335750313,hemi
64216,9.140644579234909,-0.622058654699464,3.337885338797772,hemi
64279,9.258036021752835,-0.597281146563676,3.415588606872648,hemi
64341,9.107109431273662,-0.851568409230763,3.237903907566222,hemi
64404,9.556742271482621,-1.035383251990638,3.178218464240656,hemi
64467,9.576039786885230,-0.879618961443878,3.777991153278693,hemi
64529,9.136303801387159,-0.822108246431261,3.105200203783132,hemi
64592,9.264075704918117,-1.220756400000000,3.059072000000000,hemi
64655,9.799562000000000,-1.651611700000000,3.511732657250947,hemi
64717,9.649986094262283,-0.914904783357531,4.123122039438807,hemi
64780,10.151901270491827,-0.165635068461562,4.658024000000000,hemi
64843,9.252696164564947,-0.263188736923077,4.083214950535941,hemi
64905,8.366325000000026,0.052660080000000,4.083550000000000,hemi
64968,7.661200170365752,-0.169172706229482,3.325541714754124,hemi
65030,7.970389760655719,-0.579103939918026,3.049379880327864,hemi
65093,11.883055992434194,-1.139104040069385,2.866506344546142,hemi
65156,11.223959322194299,-1.632462500000000,2.720910854508211,hemi
65218,9.995661835645201,-0.982913703026505,2.285456382135331,hemi
65281,10.437713174022649,-0.533464799369466,2.439840654476646,hemi
65344,9.404835436790806,-0.759291005479178,1.856450553278719,hemi
65406,8.556234068253485,-1.273075465983602,1.709059000000000,hemi
65469,8.618308921500638,-1.395446898045355,1.634931661538532,hemi
65532,9.516600401954612,-0.989542269129883,2.330792713587646,hemi
65594,10.289341992749069,-0.950700762049159,2.741635576418647,hemi
65657,9.745849008511975,-0.423961066046647,3.005838550914273,hemi
65720,8.437511815101097,-1.294618253845975,3.355062375031597,hemi
65782,8.797379217213049,-0.996397252307699,3.414616626702409,hemi
65845,10.435367938524585,-0.394008852172090,3.455513776229504,hemi
65908,10.115088588587795,-0.881402877736253,3.240988700000000,hemi
65970,9.566549636191739,-1.129786059520831,2.897904357881455,hemi
66033,9.429300052963432,-0.971956742370734,2.854722300126110,hemi
66095,8.928374585119819,-1.191839617654436,2.867581000000000,hemi
66158,9.327070428121051,-0.978494743896613,3.121874173139911,hemi
66221,9.481809951450192,-0.697741564180324,3.271505354918030,hemi
66283,9.530484924968388,-0.579260900000000,3.183293792875136,hemi
66346,9.520602137452721,-0.556217947326639,3.042518860655717,hemi
66409,9.157167504098359,-0.377295637522066,3.030348300000000,hemi
66471,9.033199544766685,-0.329127020062983,3.132481003782920,hemi
66534,9.045466516393420,-0.387769700000000,3.204984516393419,hemi
66597,9.201749901639344,-0.519121121059269,3.240988700000000,hemi
66659,9.364469885245926,-0.628232415573818,3.222938213114802,hemi
66722,9.413591741803316,-0.815636627238374,3.104952617465347,hemi
66785,9.388152299653212,-0.991114944615383,2.992050200000000,hemi
66847,9.520206742118528,-1.103060538303948,3.009505836002512,hemi
66910,9.457975422131176,-1.179219377238349,3.142004343411111,hemi
66972,9.617651536885251,-1.244689831557374,3.269718386916777,hemi
67035,9.924191646910442,-0.991126971683455,3.639715362831055,hemi
67098,9.666762525851381,-0.685969558032756,3.647140836570109,hemi
67160,9.211496726986150,-0.325688986699247,3.001624600000000,hemi
67223,8.294575421185350,0.222774543291349,2.645585000252185,hemi
67286,9.479980755359504,-0.517310013871221,2.773284160025177,hemi
67348,9.252593517339196,-0.272874980000000,2.923808839627974,hemi
67411,9.492826360655691,0.138831120000000,3.442054500000000,hemi
67474,8.712457622950803,0.264870020000069,3.243814054098275,hemi
67536,8.891576482345478,0.128344990091412,3.501324958385903,hemi
67599,9.542567969735169,-0.124897907855593,3.655535138650726,hemi
67662,9.099653835750251,-0.152468533978515,3.701050503341772,hemi
67724,9.844335559426129,-0.137077401226394,3.780131316424945,hemi
67787,9.996052453972263,-0.394434464817157,3.145243200000000,hemi
67850,9.353802670870026,-0.389891675866917,2.701966978877606,hemi
67912,9.852464146279896,-0.431612858054864,2.443785753121086,hemi
67975,10.126672709331658,-0.533751553738973,2.159851129981087,hemi
68037,10.347766122005030,-0.923703617950873,1.981813286664592,hemi
68100,9.239870813524703,-1.057988900000000,1.954118860718800,hemi
68163,8.519119065573774,-1.064532951954602,2.076405767213113,hemi
68225,9.487122004098435,-0.943094200000000,2.350554700000000,hemi
68288,10.497485600409721,-1.011175573360667,2.682485757786851,hemi
68351,9.661594823455236,-0.971817900000000,2.783317395586381,hemi
68413,8.336103640289993,-1.166064938114743,3.214878971311542,hemi
68476,8.319137249684779,-0.765910518956444,3.653796580989823,hemi
68539,8.344676706179065,-0.493983316015129,3.866015500378299,hemi
68601,9.058560824085731,-1.025504281210573,3.846238521342962,hemi
68664,9.786914216188517,-1.164012368694788,3.719716800000000,hemi
68727,9.766236115384613,-1.402304898076928,3.518282650000006,hemi
68789,9.633861643127279,-1.543496436002497,2.960531379066809,hemi
68852,9.210306452290858,-1.326917793736905,2.610749933081207,hemi
68915,9.708803593947012,-1.412380487515747,2.247528440353101,hemi
68977,10.499218145018952,-1.404303117528359,2.102328276923114,hemi
69040,10.602364573770524,-0.919888270403515,2.068835570743994,hemi
69102,10.051483852459041,-0.711264263114770,1.955486229508191,hemi
69165,9.736404673812501,-0.823047992307725,1.755644004245489,hemi
69228,9.369614994640614,-1.208460755028347,1.795230000000000,hemi
69290,9.004873999999999,-1.507993200000000,1.964909905800750,hemi
69353,9.459985838272402,-1.132031770870104,2.586408114564948,hemi
69416,10.044142596469085,-1.068420746658222,2.878012737704880,hemi
69478,9.154710904161352,-0.877207193291276,2.728454001387175,hemi
69541,10.095806032786914,-1.013351844010106,2.562462745901636,hemi
69604,10.015439608449070,-0.928176955286925,2.731315514628155,hemi
69666,9.382845885245972,-0.579260900000000,2.742429393884012,hemi
69729,8.272238569356913,-0.320747760000000,2.330343037831007,hemi
69792,9.072910209962000,-0.599170652837199,2.053362776229572,hemi
69854,8.943623337641947,-1.154456007786895,2.286418261286295,hemi
69917,9.208412147540987,-0.691683514303275,3.505270269672139,hemi
69979,9.789916057376981,0.014241102535827,3.978036618915330,hemi
70042,9.777371080390944,0.687847065151335,4.172986954918044,hemi
70105,9.388230947036570,0.053408658781842,3.748814690794452,hemi
70167,9.196365000000000,0.117463439378964,3.749140732345618,hemi
70230,9.435729000000000,0.034534218782169,3.721763314785649,hemi
70293,8.947426999999999,-0.059318808935689,3.675586768852462,hemi
70355,9.051443343421505,-0.270267025443264,3.721020680832382,hemi
70418,9.168906038776756,-0.615210789375761,3.747356692307624,hemi
70481,8.908923601513258,-0.733733679243387,3.881204538083221,hemi
70543,8.382527000000000,-0.768835400917394,3.769506291046667,hemi
70606,7.811516117528359,-0.914370540000000,3.515188810151339,hemi
70669,8.800403469735077,-0.809050400000000,3.098251667150048,hemi
70731,10.461463172131133,-1.130818413934471,3.208105542622943,hemi
70794,11.025465521752789,-0.792134874621819,2.487191238461619,hemi
70857,10.790460579445151,-0.454513916610991,2.178073651639354,hemi
70919,10.091029623371156,-0.328092687494713,1.634462753846113,hemi
70982,9.276402524590024,-0.371687332723903,1.234351665573753,hemi
71044,9.016597501891532,-0.265123565598948,0.924597052862597,hemi
71107,9.677625973360506,-0.811187423826999,0.713700165816609,hemi
71170,10.252576544451466,-1.137594818726372,1.051423718726372,hemi
71232,10.308873384930703,-1.144624842591440,1.622190737326586,hemi
71295,9.869264968474184,-1.064062069987380,2.415004841740247,hemi
71358,9.315186796027639,-0.596481215163949,2.930745130327899,hemi
71420,8.806585112232039,-0.760887773493003,3.441764713493003,hemi
71483,8.910151684110984,-1.011417124495579,3.113171898581319,hemi
71546,9.185535327868799,-0.971111582623129,2.736754753278620,hemi
71608,9.546905778688545,-1.812242081462760,2.359338368032817,hemi
71671,9.878923965636819,-2.176829967717530,2.000443183480450,hemi
71734,9.976366258196697,-1.759162529098348,2.166407324306444,hemi
71796,9.867270150693580,-1.652296886475421,2.131024800788158,hemi
71859,9.676627288776796,-1.552425007440101,2.120765200000000,hemi
71922,9.718166425598980,-1.402697297667109,2.341028295082012,hemi
71984,9.738770978247112,-1.211181900000000,2.603444400126091,hemi
72047,9.900804509930643,-1.153734600000000,2.815630084016392,hemi
72109,9.670583946721292,-1.120501273171481,2.879687826261024,hemi
72172,9.771826082282486,-1.176535974337875,2.924041258953328,hemi
72235,9.514017446910467,-1.118819388158892,2.966134806015128,hemi
72297,8.516356800441441,-1.069667376481724,2.698501658448901,hemi
72360,9.027908176229433,-1.235353752868793,2.756570911885172,hemi
72423,9.206754979508190,-1.305297436727631,2.945399873518274,hemi
72485,9.484043623581330,-1.097168494451435,3.596128889848661,hemi
72548,9.659626692307707,-0.652911365384728,3.718243699999952,hemi
72611,9.560796513240891,-0.043085523000000,4.050552302206800,hemi
72673,7.530847558984735,0.217229623420561,3.916505335056664,hemi
72736,8.070418032786989,-0.048808525777954,3.290769165699839,hemi
72799,7.818051081967189,-0.938940789533381,3.438323661538401,hemi
72861,7.697868250693635,-0.979243244955813,3.724836105422477,hemi
72924,9.638446005043932,-0.293614830892200,4.043661264123562,hemi
72986,9.703817000000001,-0.492365444277941,4.136617442591491,hemi
73049,8.793306916456467,-1.112435936696083,3.847186347635569,hemi
73112,8.440627017654457,-0.492437862988670,3.826340967213075,hemi
73174,9.661791213114592,-0.655268799590138,3.165961800409904,hemi
73237,14.562375299495370,-1.062906022572491,3.610478676923051,hemi
73300,10.958751622320575,-1.334537373739113,1.996962864186906,hemi
73362,10.585023620901648,-1.086712600000000,1.412941945428771,hemi
73425,9.953932505044119,-1.007725493442626,1.208779232093308,hemi
73488,8.446748885246079,-1.429353293001239,0.581947338635064,hemi
73550,7.912378137925577,-1.519559982534723,0.671713389501925,hemi
73613,8.699387105296344,-1.399383030359396,1.248284851418665,hemi
73676,9.820503965321352,-1.689909900000000,2.360726657881393,hemi
73738,10.261088929382131,-1.462067315826014,2.697185709047956,hemi
73801,10.553873652585134,-0.756981902206803,3.158403547288772,hemi
73864,8.928036517024085,-1.747357200000000,3.097466990668299,hemi
73926,8.552470296343065,-2.333005199653173,2.781409700000000,hemi
73989,9.055729549180318,-1.318150169672133,3.105296747540981,hemi
74051,9.318337878310189,-1.385199231368041,3.209768721878915,hemi
74114,9.970003381147581,-1.633413329287495,2.937455158070557,hemi
74177,10.096953134930626,-1.542693497604028,2.661758028373294,hemi
74239,10.004091843789395,-1.389634900914263,2.404538337090178,hemi
74302,9.567189713114717,-1.272124656557358,2.451467764249760,hemi
74365,9.236613812105931,-0.912595648688544,2.901804220996184,hemi
74427,9.142525435056832,-0.688188141926315,3.229424887862576,hemi
74490,9.373718483921746,-0.628386361538444,3.426663374148749,hemi
74553,9.548523273644381,-0.546335505926848,3.580300094073152,hemi
74615,9.417690786885306,-0.816403312307574,3.356994204287575,hemi
74678,9.364085660655725,-0.964388857288797,3.377177983152605,hemi
74741,9.521758140605304,-1.154018333606543,3.413898270176516,hemi
74803,9.441654864754078,-1.159934481147533,3.662818691803303,hemi
74866,9.182126587326653,-1.029265300000000,3.913010061538537,hemi
74928,9.938421166456520,-0.703856970413107,3.968727793285061,hemi
74991,8.539149540353078,-0.047516624769878,3.468061655359373,hemi
75054,8.038322426229582,-0.975049674279239,3.426137174653346,hemi
75116,7.354862211286352,-2.106083368411078,4.116740875094559,hemi
75179,7.902538077805811,-0.340911099523929,4.210790236916775,hemi
75242,7.963371961412352,0.263252116834690,4.281416061790649,hemi
75304,8.430090084174012,-1.198809187452613,4.027035208512013,hemi
75367,8.848354365699876,-1.196669114186632,3.487609087641867,hemi
75430,13.278859150064019,-1.174429120050487,3.775316822824947,hemi
75492,11.977606265447788,-1.604662543442647,3.667811299243525,hemi
75555,11.436812000000000,-0.607079041538454,2.441663875283734,hemi
75618,11.320034491803197,-0.636708260000000,2.439864918032715,hemi
75680,9.823115753783302,-0.883693895384469,1.723535632818518,hemi
75743,8.569355006147552,-1.353867591488022,1.122212684205555,hemi
75806,7.673503198991118,-0.665262965889011,1.689909900000000,hemi
75868,7.450740404161354,-0.636708260000000,2.062436305548472,hemi
75931,8.268417182849879,-0.998392455384611,3.044028014627963,hemi
75993,9.598761629886477,-1.373683775662074,3.298701823644357,hemi
76056,9.860318385876434,-1.792271995334206,3.371374147540920,hemi
76119,9.870740895491808,-2.726485759505026,3.666425810608454,hemi
76181,9.784983922131154,-2.907182976292520,3.631807115699927,hemi
76244,10.279340918032650,-2.597902402995007,3.897371314501823,hemi
76307,10.061891311475481,-2.327566090920602,3.994505412610346,hemi
76369,9.389329230769279,-1.693592446153862,3.509812999999990,hemi
76432,9.992152524590074,-1.831173890163971,2.980121190163971,hemi
76495,9.552688722572515,-1.686529265825998,2.982475500000000,hemi
76557,9.271923655737712,-1.671279977553590,2.751647655737713,hemi
76620,9.472660574085731,-1.209814531210573,3.027613576702357,hemi
76683,9.446016621059236,-1.027049716834796,3.272640289344237,hemi
76745,9.439176561475415,-0.680750679508182,3.452012378215646,hemi
76808,9.327372446721270,-0.237613303893484,3.537335139123706,hemi
76871,9.292109999999999,-0.299340835712437,3.523383918032806,hemi
76933,8.705056466897844,-0.595195358606559,3.304865482786882,hemi
76996,8.625954823770515,-0.711273329019535,3.204139352458972,hemi
77058,9.259137388398326,-0.845078716923088,3.597022291677122,hemi
77121,10.329906368852461,-0.741056461475410,3.821149205296345,hemi
77184,8.817222619167950,-0.605690571626827,3.512517348549672,hemi
77246,9.471830573770395,-1.003680777868780,3.243186115573866,hemi
77309,9.336258976355627,-1.497739603499364,3.395452451071878,hemi
77372,7.819741331904040,-1.431819386380808,4.315452614249563,hemi
77434,8.074173475409848,-0.644314791021451,4.906962400000000,hemi
77497,8.050777468158884,-0.183344391138089,4.944644784489265,hemi
77560,8.565259965321486,-0.886733447004941,4.867305692307821,hemi
77622,9.293439209647033,-1.130951176103364,4.246317400000000,hemi
77685,9.863053124527028,-1.043684430769215,3.851822649716274,hemi
77748,11.616917928121463,-1.258933961034075,3.948661128499558,hemi
77810,10.753897767339238,-1.208060797730158,2.864037246153750,hemi
77873,11.009108754098369,-0.975029536368217,2.382429554098370,hemi
77935,10.106189978562647,-1.005298665573742,2.092101769483032,hemi
77998,8.871555097099462,-1.074107517780544,1.642037200000000,hemi
78061,8.295688959016399,-1.045745982786908,1.280872124180305,hemi
78123,8.305206304854863,-0.481302765381492,1.670036343095721,hemi
78186,9.583416503152753,-0.722185075971046,2.126916721815906,hemi
78249,9.513170511979844,-0.703730170000000,2.384252784615350,hemi
78311,9.034262057377111,-1.426111503499324,3.416624013965815,hemi
78374,8.912835334174131,-1.614460445523283,3.787752883354181,hemi
78437,9.833966997162600,-0.873313414628003,3.708844269672107,hemi
78499,10.383611000000000,-1.854567004949577,3.455492706778033,hemi
78562,10.042126049180242,-2.163313311601570,2.844181799495530,hemi
78625,9.596781524590240,-1.823739390573780,2.829496813902891,hemi
78687,9.611590504098364,-1.600219359142493,2.899824122477936,hemi
78750,9.897131591740253,-1.432308379192951,2.885818411286242,hemi
78813,10.115523000000000,-1.445631849747814,2.838603673833586,hemi
78875,9.773272364754099,-1.214321154918030,2.898737448360658,hemi
78938,9.582502272540996,-0.971817900000000,3.014241821942039,hemi
79000,9.334758821248364,-0.790426432307763,3.097020106084442,hemi
79063,8.847829668348046,-0.899072948877679,2.990178605800755,hemi
79126,9.042608208070650,-1.006548300819693,3.093802432187915,hemi
79188,9.388456863808290,-1.017535509457768,3.247454249117237,hemi
79251,7.859098313240885,-1.068151044766699,2.459927507692320,hemi
79314,9.157668363493251,-1.735748209047975,2.794754494419952,hemi
79376,9.518223472887897,-1.927154985813553,3.846636959142411,hemi
79439,8.950976873896591,-0.762904152585160,4.191345437578821,hemi
79502,10.319052049180392,-0.076904365737713,4.518884622068088,hemi
79564,9.375191421185558,-0.582967601576261,4.483520295081905,hemi
79627,8.256814901639370,-0.506829922572523,4.463900490542267,hemi
79690,7.511243000000000,-0.186076085163907,3.887114539344255,hemi
79752,7.795663220838403,-0.718731948124111,3.459872381242203,hemi
79815,13.218489638713349,-1.412754767969685,2.932369059520712,hemi
79878,11.932145076922936,-2.034618297667109,3.049473352458994,hemi
79940,9.378327394703351,-1.168938495491821,1.770451545712466,hemi
80003,10.802078384930670,-0.658670586153819,2.284803449653250,hemi
80065,10.246228367591382,-0.644323854369470,1.490582735056694,hemi
80128,9.531652889974875,-1.266821173612920,1.033059482377030,hemi
80191,8.322318096153886,-1.425873015384696,1.345778080769223,hemi
80253,7.815530604287513,-0.885646800000000,2.066330115290057,hemi
80316,8.913193912988467,-0.379127840810317,2.727605760245881,hemi
80379,9.432949327238289,-0.178735186119131,3.018796745239531,hemi
80441,9.062322000000000,-1.751571038240881,3.548427977143764,hemi
80504,9.838370684426078,-1.614098262705091,3.331044376229573,hemi
80567,10.383861543820922,-0.646282850000000,4.017530130800715,hemi
80629,10.646612189785625,-1.480769747257255,3.368446276923073,hemi
80692,10.232409823140159,-1.997741634016416,2.987359445870343,hemi
80755,9.590419267339323,-1.849984973140010,3.058673689533464,hemi
80817,9.317396157944518,-1.469547094766710,3.033638602459015,hemi
80880,9.662325487704869,-1.215972201797046,3.124497243852435,hemi
80942,9.914320167507322,-1.077274936065608,3.126162418032804,hemi
81005,9.684668000000000,-0.856923160000000,3.127588129098359,hemi
81068,9.231623928278713,-0.607756693217175,3.177234395885889,hemi
81130,8.861458246216877,-0.540558167843673,2.963326500000000,hemi
81193,8.537821836065580,-0.629234552522074,2.994151036065580,hemi
81256,8.996289100882670,-0.697125796670710,3.144253140479246,hemi
81318,9.407633442623048,-0.996460631475371,3.342227980327830,hemi
81381,9.547011424180306,-1.224333279413607,3.319969782124834,hemi
81444,9.725015629571276,-1.304877877458988,3.457104533511924,hemi
81506,9.751690000000000,-1.417539029918015,3.456920385182832,hemi
81569,9.613480190416164,-1.431396800000000,3.591190684867575,hemi
81632,9.388125006305490,-1.164350454634504,3.657095762326666,hemi
81694,8.201467919293924,-0.867354966708803,2.914596507818310,hemi
81757,9.816261196090741,-1.396104934552346,3.065640131147528,hemi
81820,9.330155446406236,-1.340396191803309,3.854014150062870,hemi
81882,8.401676999999999,-0.759638147982235,4.938861401639375,hemi
81945,8.049072192938217,0.323355730769152,4.419009887515810,hemi
82007,7.975826306273638,-0.080949102493077,4.140997400000000,hemi
82070,7.898055403688539,-0.847351638461611,3.260131843064168,hemi
82133,14.115217360655107,-1.359509151229435,3.533954602458779,hemi
82195,11.472342642339184,-1.966533800315267,3.017543977238323,hemi
82258,9.659558350567766,-0.811239735397314,2.033116990836503,hemi
82321,10.197987750315288,-0.780326660000000,2.588167864564985,hemi
82383,9.842306812421182,-1.171241608638087,1.407119353846150,hemi
82446,9.333174274905351,-1.602356376986165,1.018308276986165,hemi
82509,9.223368457755429,-1.626815034867626,0.909296484955875,hemi
82571,9.123432889344262,-1.165554883039094,1.379032503058004,hemi
82634,9.604428313366842,-1.110090652837294,2.518667917717561,hemi
82697,8.668406186633167,-0.645875357124881,2.820794647856139,hemi
82759,7.909812600504406,-0.236001444590167,3.710854467339220,hemi
82822,8.861467627995014,-0.456352179725716,3.392409739375740,hemi
82884,9.636734879571192,-0.993315398045355,3.516302576797016,hemi
82947,10.344448770491800,-1.579410025409819,3.642257007377046,hemi
83010,10.282731539722597,-1.504570286065591,3.520362439092047,hemi
83072,9.978185637768107,-1.396723742654370,3.388896358701089,hemi
83135,9.845690643127377,-1.519596214628003,3.103455562105951,hemi
83198,9.611264234552312,-1.397354604098354,2.994181242749018,hemi
83260,9.487755160151291,-1.373949400000000,2.843010592118504,hemi
83323,9.495633140605285,-1.215842349747814,2.908336050788136,hemi
83386,9.349558000000000,-0.912357217742755,3.101397023486747,hemi
83448,9.290239565573700,-0.748219302660835,3.155753417213150,hemi
83511,9.202468609709969,-0.661960754728884,3.256666627238342,hemi
83574,9.156362216897870,-0.722879300000000,3.220134134709976,hemi
83636,9.418354936948278,-0.807275537200523,3.189566311475448,hemi
83699,9.680574818411152,-0.984712761563674,3.113199143757889,hemi
83762,9.670149532786878,-1.208709769672128,3.010885452868838,hemi
83824,9.789988500000000,-1.235033799684802,3.025645783354290,hemi
83887,9.636019219735191,-1.297352900000000,2.996704670933111,hemi
83949,9.330409000000000,-1.221118616141225,3.279142013997482,hemi
84012,9.419341923076987,-0.916211801538504,4.011924855769124,hemi
84075,8.432169715006316,-0.442717771998780,3.196653614754119,hemi
84137,9.486986037515779,-1.068393535056753,3.075604064911729,hemi
84200,9.827353469105050,-1.535714833007747,3.484569530769118,hemi
84263,8.260926220996204,-0.893325786153892,4.883001752206752,hemi
84325,7.914871584268601,0.306159551166455,4.922595014344261,hemi
84388,7.118685700000000,0.407329339546410,4.289505764817245,hemi
84451,7.062530071815838,-0.629717528751475,3.983149991235902,hemi
84513,9.997779203026406,-1.434608411979819,2.856895490542255,hemi
84576,13.819387516394423,-1.773255733606155,4.315144422131575,hemi
84639,11.206835722572720,-1.497730441488076,2.277024776923216,hemi
84701,10.561599291771753,-1.063634955895333,2.219945746674017,hemi
84764,10.527229000000000,-0.722879300000000,1.954520301860131,hemi
84827,9.708498853404693,-1.393140808417441,1.158373895207933,hemi
84889,8.684953010088277,-1.685949703278693,0.680620861916776,hemi
84952,8.395214176859998,-1.384000883921981,1.006527196229370,hemi
85014,8.841067892181737,-1.323293619546083,1.791927918348175,hemi
85077,9.973962878940767,-1.058194155170292,2.762260700000000,hemi
85140,9.878108693568871,0.100532880000000,3.386876924779203,hemi
85202,8.326764320302544,-0.183335326336903,3.716894473738845,hemi
85265,8.835333496847376,-0.633049884615391,3.459803066204306,hemi
85328,9.753355973833424,-0.701442208543326,3.429669729918063,hemi
85390,10.152094754098425,-1.565754500000107,3.685499516393528,hemi
85453,10.595199107818388,-1.439075708133716,3.486419796406061,hemi
85516,10.344515145019010,-1.203201048801830,3.183275682597762,hemi
85578,9.993384426859965,-1.616289615510704,2.992696015636866,hemi
85641,9.504649300126131,-1.753107453310206,2.662690633196712,hemi
85704,9.227368043190415,-1.220297644325337,2.963785231872645,hemi
85766,9.233930480138728,-0.896688373839822,2.926495270775509,hemi
85829,9.120580918663293,-0.797851865996237,3.048685630453982,hemi
85891,9.056035261874735,-0.566543115535938,3.263136252501057,hemi
85954,9.114564933165179,-0.399215700718675,3.375032700000000,hemi
86017,9.140981213272390,-0.427390026153823,3.375032700000000,hemi
86079,9.433897440100884,-0.658438195397226,3.294023063839849,hemi
86142,9.425119620113504,-0.924980405551691,3.078221000000000,hemi
86205,9.108153229508247,-1.086712600000000,2.792867927868865,hemi
86267,9.166965833543504,-1.329173508007559,2.948626537957124,hemi
86330,9.717077206494414,-1.261427220680939,3.348765762736503,hemi
86393,10.721472963429997,-1.115436300000000,3.624091881462703,hemi
86455,10.377742780159700,-1.093747583606561,4.002458032786878,hemi
86518,9.158332722099312,-0.676905129514459,4.136343020964537,hemi
86581,8.891850890920766,-0.483515300000000,3.711911025851243,hemi
86643,7.832630403152589,-0.806490724615369,4.352917489722580,hemi
86706,7.587516026639322,-0.847025631506914,4.546105153341726,hemi
86769,7.042548106872506,-0.306443285589517,4.567122849810828,hemi
86831,7.812862412578800,-0.493132115113463,4.284573574842401,hemi
86894,8.795353756620496,-1.209542868537206,3.892058800000000,hemi
86956,13.121669597729195,-1.620400777301370,4.070365482849710,hemi
87019,11.430848557377137,-1.607505945901665,3.706218254098399,hemi
87082,10.383611000000000,-0.930501194678412,3.084777244766684,hemi
87144,10.854424505674597,-0.371258708139993,2.737835334741451,hemi
87207,10.906359581336801,-0.613188395409806,2.178888753972295,hemi
87270,9.406812546027702,-1.416582183606554,1.420011170239582,hemi
87332,8.932669604665806,-1.450545900000000,1.183249040227026,hemi
87395,8.732186393442658,-0.670406400914285,1.434940488650685,hemi
87458,8.718844877049190,-0.802171297414883,1.990624158921828,hemi
87520,9.001517895334322,-0.899254052332977,2.488292993064270,hemi
87583,8.740783022383315,-0.427857903735843,3.375240893411047,hemi
87646,8.985800457124844,-0.838302270611606,4.073749216015131,hemi
87708,9.670608094262228,-1.289474764754076,3.819947870302715,hemi
87771,10.153821000000001,-1.482662356084445,3.890362435245924,hemi
87834,10.182544999999999,-1.900550200000000,3.767589600000000,hemi
