20806,-5.471861250000000,-7.075600125000000,3.889665125000000,walker
20868,-5.249222861562524,-6.992122051093785,3.512651879062513,walker
20931,-5.032748171875042,-7.315682094999972,3.769025796874944,walker
20993,-6.034127245312556,-6.834336163593740,3.658170185468938,walker
21056,-5.774836341875002,-7.090500486249971,3.005693898124993,walker
21119,-5.314217728906250,-7.404613389062500,3.759884915625000,walker
21181,-5.113981928437481,-7.322384311562514,3.582710775312484,walker
21244,-4.532222982812532,-7.765028515937486,3.948055025625059,walker
21307,-4.128669887500066,-7.533264076250028,3.265044804999955,walker
21369,-4.997277411718770,-7.518648303124974,3.305048478750010,walker
21432,-4.783390218750000,-7.952569951562499,3.569066910937500,walker
21495,-4.464617412500075,-8.015761962499997,2.686561855000221,walker
21557,-6.246533110937502,-6.140344940000004,4.410371712500267,walker
21620,-5.595472661458254,-7.406082288958296,3.111652311666685,walker
21683,-4.816303079687517,-7.745640026874989,2.414045886562573,walker
21745,-3.975312525000000,-7.674309454687500,4.462567765625000,walker
21808,-3.949985042499976,-7.841804495000023,4.008150425000009,walker
21870,-6.123095825781316,-8.465587315625166,0.161839919220708,walker
21933,-6.171013669062364,-7.107944417187301,4.307834074999749,walker
21996,-4.321642632968777,-7.751324929687471,3.788070163750064,walker
22058,-4.915340109375000,-7.218620209375000,3.580586434375000,walker
22121,-4.744194500000000,-7.239265304843715,3.581065147812493,walker
22184,-4.721934071250028,-7.584218642187490,3.678067465624944,walker
22246,-4.658024000000000,-7.587839000000000,3.610686332031278,walker
22309,-4.819594353750053,-8.065609050000013,3.538637897500075,walker
22372,-5.053497753906250,-7.863032962500000,3.675434460937500,walker
22434,-4.941460843750023,-8.137119781249996,3.812948949062493,walker
22497,-4.683441267343754,-8.110789876562514,3.173967000000000,walker
22560,-4.526283938749995,-7.846950784687535,3.937867125000019,walker
22622,-4.875156708593788,-7.731547428125031,4.314102406094016,walker
22685,-4.668496148437500,-7.530990435937500,4.119604156250000,walker
22747,-4.944617343593699,-7.451311755468788,2.964194124062594,walker
22810,-4.862919280000083,-7.756351380000021,3.332904419999864,walker
22873,-4.467938862031201,-7.721179740937524,4.599633851562580,walker
22935,-5.110122427187517,-7.759672493749988,2.775694915624928,walker
22998,-5.664025640625000,-6.193169607031250,3.948758278125000,walker
23061,-5.619848048125002,-6.992062150000049,3.082110825000044,walker
23123,-5.229864557812555,-6.829279754687483,3.462041332187584,walker
23186,-5.900442736562402,-6.109197875937337,3.980204458437144,walker
23249,-6.284008544843804,-6.404827200312463,3.714301203125094,walker
23311,-5.817143781250000,-6.406577562500000,2.967515243750000,walker
23374,-5.371477927343768,-6.555222671874944,3.724908022499880,walker
23437,-5.823457092187510,-5.633192665625056,3.923954017812563,walker
23499,-4.333221650937573,-6.849969502031187,3.691516708750052,walker
23562,-6.384675800000136,-5.226513149374965,-4.260260514374549,walker
23624,-6.101613277343750,-6.716180182812500,2.404187041406250,walker
23687,-6.293388336249943,-5.924977448125041,4.163886684375061,walker
23750,-5.851811617708297,-6.438074178125005,3.926267865000023,walker
23812,-6.236389882499951,-5.831864612499916,3.431283102499634,walker
23875,-6.323159595312486,-6.445863259999996,3.577310162968790,walker
23938,-7.025632856250001,-5.808317437500000,4.397715159375000,walker
24000,-6.408956227343745,-6.328963960468813,3.700522809375124,walker
24063,-5.717089571249923,-7.137296113750177,3.639469863750275,walker
24126,-5.835979228125003,-6.424485327968690,4.137586457656208,walker
24188,-6.071647416562510,-6.683282544687514,3.358935358125108,walker
24251,-5.850804500000001,-7.153318690625000,4.219688273437500,walker
24314,-5.741026000000019,-6.383479107500006,3.814624537500047,walker
24376,-6.028068314531288,-6.344522574218847,3.684066500781365,walker
24439,-6.589661412499989,-6.823370473437465,2.566730240937483,walker
24501,-6.641393881562444,-6.624563489843790,3.452795900624955,walker
24564,-7.045978865625000,-6.194142006250000,3.708346996875000,walker
24627,-5.685299250781164,-6.959703079218766,3.018425109999928,walker
24689,-6.141242731249986,-6.912922602187462,3.227404748437354,walker
24752,-5.969214589062517,-6.672406273437503,4.017081559218795,walker
24815,-6.356550670000049,-6.293358484999958,4.124720634999976,walker
24877,-7.244127398437500,-5.999359629687500,4.094096914062500,walker
24940,-6.162516262500005,-6.545737938437519,3.751492325625038,walker
25003,-5.900203145781278,-6.905965881718747,3.995434167499756,walker
25065,-5.971832643750018,-6.662457909374917,3.128487715624860,walker
25128,-6.261433499843775,-6.281136152343759,3.065669452343895,walker
25191,-5.711075892187500,-6.543164781250000,3.852114875000000,walker
25253,-6.141497289062540,-6.731185209218774,3.743323961562594,walker
25316,-6.767778074999986,-5.859870288749979,3.878774008749836,walker
25378,-6.103602726562542,-6.072949394687434,4.513806990000139,walker
25441,-5.850475188749989,-6.266519679374981,4.396129332500064,walker
25504,-6.214413103125001,-6.978882079687500,3.860193454687500,walker
25566,-6.448107259999996,-6.166674968749961,4.182048523749934,walker
25629,-6.924381975937458,-4.575675034609408,4.087985550546869,walker
25692,-6.574012800000051,-5.713738806249996,4.776508780000047,walker
25754,-6.144803176875011,-6.133822350625042,3.643180098124951,walker
25817,-6.323997350000000,-5.204970500000000,4.416265812500000,walker
25880,-5.919571609375011,-5.609515336458363,4.069267798541787,walker
25942,-5.921386991250018,-5.744496908750009,4.473952778749898,walker
26005,-6.058168571874927,-5.567607000000000,4.622732422812462,walker
26068,-6.291623291249988,-5.644981466874984,4.614698703749951,walker
26130,-6.282632062499999,-5.303558277343750,4.918332064062500,walker
26193,-6.485463443750002,-5.341722305312492,4.823394289843745,walker
26256,-5.883896825937423,-5.701291703906334,3.499830975468673,walker
26318,-5.397060043750122,-6.008156349999989,3.761007176250296,walker
26381,-5.432425879531271,-6.384257016718757,4.038654268281210,walker
26443,-5.439546914062500,-6.058452757812500,4.610749398437500,walker
26506,-5.980210774531285,-6.342248544062465,4.907859835000035,walker
26569,-6.063329615000014,-5.828513737499861,4.868983105832981,walker
26631,-6.011178399218715,-6.107627126953135,4.476144407343776,walker
26694,-5.696354984062540,-6.018718225937494,4.260709099999932,walker
26757,-5.742193023437500,-6.380097940625000,4.574320773437500,walker
26819,-6.262720080000056,-5.757821399999996,5.505691199999879,walker
26882,-5.593498099375009,-6.052737872916708,4.429490798750404,walker
26945,-6.139567237187459,-5.941822522187434,4.339130930937452,walker
27007,-6.415733543750063,-5.775464632968719,4.096371078125037,walker
27070,-7.051513934375000,-6.085081967187500,3.862437470312500,walker
27133,-6.122303120156274,-6.219305331249975,3.790403981250043,walker
27195,-5.944485691250097,-6.449094742187441,4.405973496562527,walker
27258,-5.834916420208375,-6.206947932708277,3.448696822291653,walker
27320,-6.260086828750024,-6.086069379999979,3.228661434999935,walker
27383,-6.358181417187500,-5.849832199218750,3.629057639062500,walker
27446,-6.439370465625028,-6.022548044687544,4.345204678437578,walker
27508,-6.690957136015663,-5.960164000000000,4.444353972343654,walker
27571,-5.459773641249993,-6.653122806249931,4.653116653749854,walker
27634,-5.497039518281266,-6.665764272812456,3.578147887500019,walker
27696,-5.806073117187500,-6.686932890625000,3.575200735937500,walker
27759,-5.744691332656269,-6.792686803125012,4.299022708124981,walker
27822,-5.446009817500098,-6.605728492499940,4.028496517500243,walker
27884,-5.684342099218740,-6.094208000000000,4.028047512499826,walker
27947,-5.801435748750043,-6.381115521562464,4.054228110000035,walker
28010,-5.712571618750000,-6.753655679687500,3.426421079687500,walker
28072,-5.884106106250022,-6.482336488124968,4.138184612500036,walker
28135,-6.277231247187451,-6.276887467968747,4.075501519999992,walker
28197,-6.278936870312577,-5.885721901562417,4.253588339687497,walker
28260,-6.041128849062563,-6.823385232499953,3.658948088593809,walker
28323,-6.529052208333333,-6.221070600000000,4.175306125000001,walker
28385,-6.046334700000000,-6.651013292187478,4.043261962500019,walker
28448,-5.837759303750059,-6.052408777187496,3.798796700000136,walker
28511,-5.791292574375028,-6.079412087343747,3.967787556406243,walker
28573,-6.047352301250015,-6.118563134374998,3.666817261250021,walker
28636,-5.898751852343750,-6.050299482812500,3.841867269531250,walker
28699,-7.179783333125038,-5.560186776562486,4.840628613750058,walker
28761,-6.564991805781288,-5.808841239062483,3.951376151249983,walker
28824,-6.684000839999684,-5.950589200000116,4.409084999999815,walker
28887,-7.006274424999962,-5.846944598437528,3.829001350156276,walker
28949,-6.953374889062500,-5.794254714062500,3.525532668750000,walker
29012,-5.957815005781265,-6.162875325781267,3.966366338437536,walker
29074,-6.051481273125021,-6.447987721249972,4.273066610625024,walker
29137,-5.838761486718802,-6.268719145312483,3.771554050781372,walker
29200,-5.925635492187459,-6.098606292499952,4.727887967499757,walker
29262,-5.320650664062500,-7.084726056640625,3.851778335937500,walker
29325,-5.954738266666699,-5.810641316666636,4.789993005000054,walker
29388,-6.514186624531169,-6.210254493281296,4.302717693281006,walker
29450,-5.966896340624983,-6.832466204062577,3.848793781875216,walker
29513,-5.235519417343848,-6.215654920624902,3.570727498594217,walker
29576,-5.836891312500000,-6.114553790625000,4.146981640625000,walker
29638,-5.685433844374979,-6.418246740624965,4.407469340624784,walker
29701,-5.974585455624881,-6.807901491875066,4.448280996562396,walker
29764,-4.877804709374926,-6.435555697499976,3.270131351718513,walker
29826,-5.981706352500070,-6.718229712499854,3.960995799999554,walker
29889,-5.987690679687500,-6.217854028906250,4.349468707031250,walker
29951,-5.950170114062476,-6.381025613437475,3.353340157499852,walker
30014,-5.590780192499969,-6.545199322812409,3.217231671405929,walker
30077,-5.636603740625011,-6.790158510000035,3.513325266875073,walker
30139,-6.047890572500056,-6.715970551874979,3.892642252187521,walker
30202,-6.099742757812500,-6.456993718750001,3.909263265624999,walker
30265,-5.528246398750012,-6.604696283124981,3.543260571249922,walker
30327,-4.722412585000021,-7.017195312499944,3.516616457499864,walker
30390,-5.660320509166629,-6.629904439583445,4.273704811249940,walker
30453,-5.370340879687522,-6.967677007187757,4.152815924063161,walker
30515,-5.207364315625000,-6.843716243750000,2.988758862500000,walker
30578,-5.699616115625004,-6.667185214375044,3.940171010625049,walker
30641,-5.101415624687437,-6.675458425000059,3.859056469531341,walker
30703,-5.461628581874979,-6.813346728749983,3.391279402187357,walker
30766,-6.016294997656417,-6.372034627812480,4.246482129531229,walker
30829,-5.773459874999999,-6.252187825000000,4.483287875000000,walker
30891,-5.238272173750032,-6.528084794062545,3.599855082343896,walker
30954,-5.190668188125091,-6.376208641250087,3.048240825312967,walker
31016,-6.696253059375024,-5.449061863124875,3.249381399218572,walker
31079,-4.905047261250446,-6.515787703125035,3.700986491250494,walker
31142,-4.677097976562500,-6.649382642187500,3.684934021093750,walker
31204,-6.682384789374996,-5.633312006249994,4.383084320000002,walker
31267,-5.774701805937489,-6.163234346093841,4.027987663593868,walker
31330,-6.275645754999995,-6.038675049999926,3.938016805000167,walker
31392,-5.974675127343819,-5.997818706562423,3.704861219999993,walker
31455,-6.480182140625000,-5.598275406250000,3.781502604687500,walker
31518,-5.946834423750012,-6.358675050312490,3.767963463281311,walker
31580,-6.157878707500084,-6.372707768749979,4.529963711874930,walker
31643,-6.259503608593788,-6.304339217812479,3.318063940624889,walker
31706,-6.151295954166750,-6.075417546249916,4.053749162500251,walker
31768,-5.965624310937500,-6.167363295312500,4.588234196093750,walker
31831,-5.830668312500013,-6.687112320000002,4.394244552500060,walker
31893,-5.941822848437521,-6.342742372968740,4.201676407812584,walker
31956,-5.641720320312399,-6.230196508437552,4.719420666562486,walker
32019,-5.661489047142674,-6.174591254464290,3.792799748124614,walker
32081,-6.052917550000000,-5.914086234375000,4.188272025000001,walker
32144,-6.710943978281328,-6.219035983593736,4.842678065000033,walker
32207,-5.945203506249791,-6.330908801562545,4.570865349999516,walker
32269,-5.728668892968799,-6.334124973437406,3.986951792031275,walker
32332,-6.220831418749707,-7.039216671249833,3.650420939998822,walker
32395,-6.041472784375000,-6.653945417968750,2.807365874218750,walker
32457,-5.812805255937456,-6.519228262500043,3.377336403749960,walker
32520,-6.037658014062569,-6.287972848437528,2.860699025468959,walker
32583,-7.269185854374843,-6.047232316250052,3.758074841250004,walker
32645,-6.400772856249749,-6.132550780781187,4.352625076561121,walker
32708,-5.589448992187500,-6.920163309375000,4.365102187500000,walker
32770,-5.308465515781291,-6.173526765937319,3.476567799374296,walker
32833,-6.224900605000031,-6.266071215000024,3.645035100000112,walker
32896,-5.010636836406355,-6.887265462499962,3.602488247343736,walker
32958,-6.783216959999991,-6.487842112500028,4.541572983749712,walker
33021,-6.096751226562500,-6.384586212500000,3.653368053906250,walker
33084,-6.330699543750112,-6.353319509374931,3.634622825000097,walker
33146,-5.929704621874986,-6.476322592812493,3.597910399062368,walker
33209,-6.197882382812518,-6.480900411250042,3.390621280937963,walker
33272,-5.597946249999693,-6.409106039062660,5.122539317186316,walker
33334,-5.157097762500000,-6.980452825000000,3.550366687500000,walker
33397,-5.508708364843757,-6.855220509375300,3.202077066719259,walker
33460,-5.585678863125041,-6.809173089062436,4.513073868593616,walker
33522,-6.075058500000000,-6.295273300000000,4.074434351041607,walker
33585,-6.165478519375091,-6.175232461874875,3.984932168750111,walker
33647,-5.717733039062500,-6.521023738281250,4.271001812500000,walker
33710,-5.586157690624860,-6.659735174999923,5.131814877499965,walker
33773,-5.326028835312458,-7.210751082343771,3.666054230937315,walker
33835,-6.706261282500080,-6.273730612500035,3.166067729999906,walker
33898,-5.883567300000000,-5.572812900156222,4.058102597031271,walker
33961,-4.723998335937500,-7.151598296874999,3.351096131250000,walker
34023,-6.532393560937291,-6.447972626562632,4.753140916249763,walker
34086,-5.651504056250007,-6.240878134375108,5.030234643750766,walker
34149,-5.901384799531352,-6.425622311718705,2.912327006562462,walker
34211,-5.598036075625020,-6.530837245000188,3.029450836876045,walker
34274,-6.083062323437501,-5.397882898437500,3.581334472656250,walker
34337,-5.722236187500084,-6.228012138749986,3.916354364999742,walker
34399,-6.010968798281263,-6.918397959218709,3.921335978437685,walker
34462,-6.032481851874898,-6.133433597187545,4.007641624999962,walker
34524,-5.946295538906327,-6.784025057031320,3.203498353125125,walker
34587,-6.083436225000000,-6.167213537500000,4.873451362500000,walker
34650,-5.297095589062681,-7.358543264218548,3.161594749218409,walker
34712,-5.176097221875017,-7.117847929062487,4.075800588749871,walker
34775,-5.344474597343767,-6.773747246875025,4.397737771171783,walker
34838,-6.032930739999777,-5.677714100000035,5.086964159999958,walker
34900,-5.482034187500000,-7.333215581250000,3.553957206250000,walker
34963,-4.807347062499787,-6.936130895833482,3.439301793332860,walker
35026,-5.660838910937528,-6.786089454218722,3.042735404375181,walker
35088,-5.759217831874937,-6.342727660624941,3.843048941874760,walker
35151,-5.731272224531111,-6.553891205937632,3.445480404688009,walker
35214,-5.930692203125000,-6.539125578125000,4.449776840625000,walker
35276,-4.950855704062207,-7.161786251406369,3.856004717499930,walker
35339,-5.476050022500052,-7.230229222500014,2.580703036250108,walker
35401,-5.453056085937420,-7.281288437500038,4.677053018281278,walker
35464,-5.661646960624909,-7.098728742812340,3.651079067499680,walker
35527,-5.230477378906250,-6.847905150781250,2.407702867968750,walker
35589,-5.686930113750014,-6.473599816875139,3.800382441875585,walker
35652,-5.797770307812518,-6.575374187812524,3.933349129218889,walker
35715,-5.469527453437451,-7.080686524375035,4.176512784999899,walker
35777,-5.738572508437472,-6.280253353281333,4.146442710937416,walker
35840,-4.976377875000000,-6.881715312500000,4.726242500000001,walker
35903,-5.198283393906187,-7.269171069062590,3.707658701407072,walker
35965,-5.653359058125063,-6.308318703124958,4.804873365937653,walker
36028,-6.003817878124938,-5.649648639062486,3.214494045780975,walker
36091,-6.217779381250034,-5.099351109374965,3.899120176875098,walker
36153,-6.516834449218750,-5.917302939843750,5.466251223437500,walker
36216,-5.740637246874909,-6.252666634374888,4.149165643749701,walker
36279,-5.651129926562559,-6.235537221874975,4.904314300781309,walker
36341,-5.868846381249892,-6.231602574999986,4.467250612499659,walker
36404,-5.506240203906431,-5.826134725000118,4.766754686406501,walker
36466,-5.695367575000000,-5.759397234374999,4.403100934375000,walker
36529,-6.260251463125160,-5.888474213281083,4.155972787343729,walker
36592,-5.511176835000025,-6.329203122500060,4.405614408750146,walker
36654,-4.776388972343499,-7.248376020781219,4.957423180624467,walker
36717,-5.621254369062549,-6.909391828124965,2.918026868126073,walker
36780,-6.453702324218750,-6.022099316406250,3.732283354687500,walker
36842,-5.928089305000048,-6.134420959999833,4.160625399999575,walker
36905,-5.966566828541708,-6.643867343125018,4.071262722083594,walker
36968,-6.455318240624955,-6.337970307812573,3.064577531562751,walker
37030,-5.832193823437514,-6.667290237187562,3.152917720937298,walker
37093,-5.432067146874999,-6.990925146875000,4.110179187500000,walker
37156,-5.528007457031047,-7.196493781562688,3.739898156875160,walker
37218,-5.384104306250004,-6.572935600000000,3.663974775000038,walker
37281,-5.763496489531167,-6.268105618437835,4.051295804063113,walker
37343,-5.389759531249958,-7.261585937500237,3.958601996249972,walker
37406,-5.582791350781251,-7.206651822656250,3.453798271093750,walker
37469,-5.941015000000000,-6.581582675000076,3.967608064375661,walker
37531,-5.391045875781257,-6.782438900156236,3.950284190624541,walker
37594,-5.214425113125307,-7.631463350000153,4.632950333126658,walker
37657,-5.571900585000132,-6.315170661718819,4.394379390626038,walker
37719,-5.593537883333333,-6.513892591666667,3.659676206250000,walker
37782,-5.421385260000014,-6.951549615937472,3.205667534218632,walker
37845,-6.405380807499930,-5.474733697499959,3.742456219999982,walker
37907,-5.923286743749651,-6.439445262968708,4.003856783123788,walker
37970,-5.150634847500111,-7.028894111562437,3.937597868750125,walker
38033,-5.825596258593750,-6.235806533593750,4.072254933593750,walker
38095,-5.889012813124952,-6.177027489999944,4.430627736249721,walker
38158,-5.896089315624975,-6.585352894531215,3.356302320625042,walker
38220,-6.518749706562263,-5.546483046249693,4.081964185936511,walker
38283,-6.547413515937347,-5.687572841406340,4.478141732812444,walker
38346,-5.920070187500000,-6.124128381250000,4.178697356250000,walker
38408,-6.369236964375334,-6.424350470624786,4.412436321250520,walker
38471,-6.478626159374945,-5.960911969375018,3.221061556249937,walker
38534,-6.460449687500153,-5.727127930312681,3.958856356718680,walker
38596,-6.038436076666694,-6.242932683333630,4.172353927500362,walker
38659,-6.022024386718750,-6.040874661718751,4.279679090625001,walker
38722,-6.686364544375271,-5.558540861874952,3.427632929063489,walker
38784,-6.670783011718749,-5.888706423437488,3.226297641327923,walker
38847,-6.193304424999708,-5.920908259999805,3.577534489999318,walker
38910,-6.243765237499924,-6.541279787500195,3.325559072812925,walker
38972,-6.201323200000000,-6.441285450000000,3.807683000000000,walker
39035,-5.933788952500063,-6.946582914062166,3.383081081249903,walker
39097,-6.363731559375084,-6.633075902500018,3.495612100624913,walker
39160,-5.348783394687960,-6.750738371249791,3.096442827343443,walker
39223,-5.497592896562639,-7.080865990624889,3.403427151875216,walker
39285,-6.020303960156250,-6.527980343750000,2.611610962500000,walker
39348,-6.198211424999854,-5.937304842499993,3.087675982499784,walker
39411,-6.123230545000069,-6.878065056406403,2.645510776093764,walker
39473,-5.232497000000000,-7.791119010000251,2.513980450312695,walker
39536,-5.644562395625055,-7.653439859218715,2.835655733906124,walker
39599,-5.959266387500000,-7.496282312500000,2.911564071875000,walker
39661,-5.786348409218753,-7.429499760156194,2.598767586328059,walker
39724,-6.509862981249986,-6.974798099687476,3.360760470312322,walker
39787,-5.733486170313169,-6.946747325624958,4.225836977188628,walker
39849,-5.856758525000112,-7.206771497499833,3.673519474999714,walker
39912,-5.507766046875000,-7.159377753125001,2.831302180468750,walker
39974,-5.131515643437605,-7.415736414687444,3.024214677500313,walker
40037,-4.936433711718715,-7.012991555312517,4.907919795781027,walker
40100,-5.498909031249833,-6.704107443750669,3.536363891876449,walker
40162,-5.671101897343513,-7.086610965625223,3.727870093281285,walker
40225,-7.560910812500000,-4.142044621875000,4.335181342187500,walker
40288,-6.997477896562681,-4.570221956874909,4.229831356249902,walker
40350,-7.037900512499982,-3.868960162500032,5.045314655000042,walker
40413,-6.135789725000271,-4.349835207031243,4.846747113750767,walker
40476,-6.113057541875209,-2.752985411562291,6.330070938749770,walker
40538,-5.824175010937500,-3.681044539843750,6.478760859375000,walker
40601,-5.601895749999923,-5.348708421875042,5.761850726249986,walker
40664,-5.269698226458356,-4.485103097916476,5.670513416666718,walker
40726,-5.873903381249708,-3.197215039999986,6.065514206250097,walker
40789,-5.809858104687438,-5.103181028593555,6.349070609686748,walker
40852,-5.751917000000000,-3.959080825000000,6.941556450000000,walker
40914,-5.223386380624840,-4.121579039062738,5.564734506249555,walker
40977,-7.391620659062451,-4.100066163124916,4.100215581250073,walker
41039,-6.144548746406459,-4.102699300000000,6.653810933906612,walker
41102,-6.366544113749882,-4.479877214375272,5.150993986249540,walker
41165,-7.015011034375000,-4.135237714062500,4.270104244531250,walker
41227,-5.576014588749923,-4.199402204999777,5.640194014062179,walker
41290,-6.805930889196478,-4.651774535714307,5.204252399464174,walker
41353,-6.529251747500488,-5.468510329999387,7.258354661248203,walker
41415,-5.682202193749861,-5.943289046875167,4.726347029687215,walker
41478,-6.594677977083333,-4.869661562500000,5.534295343750000,walker
41541,-6.283903821875279,-4.005906348437291,6.508786231250445,walker
41603,-5.841918035000084,-4.777585965624923,6.140045868749533,walker
41666,-6.117904640156027,-4.182826433749944,6.384032396873788,walker
41729,-6.324685380625397,-4.477872168750146,5.642408145312918,walker
41791,-5.293834395312500,-5.451066648437500,5.833600101562500,walker
41854,-5.382578825000063,-5.776332524999889,5.026405069999673,walker
41916,-7.254554945781173,-3.424625788749983,5.014765712968938,walker
41979,-6.572786198437431,-3.794637764062612,4.825638296875474,walker
42042,-7.257681309687618,-3.938106462968653,5.048561157812465,walker
42104,-5.894937415625000,-5.509561171875000,5.354573128125000,walker
42167,-6.970175245468548,-3.975851330625189,6.162082507031940,walker
42230,-5.488556950624979,-4.961746780625045,5.739978943750150,walker
42292,-4.891822273437333,-4.547452439999986,5.989545643907420,walker
42355,-6.586699206249896,-3.860223326250237,6.091814076250140,walker
42418,-6.586998572656250,-4.914292957812500,6.500228558593751,walker
42480,-5.221526349999768,-4.916856002499926,5.752036741664410,walker
42543,-5.260846944687657,-4.973670196406114,5.341093660937642,walker
42606,-6.876269823125154,-4.025624048125112,5.209757793750835,walker
42668,-6.683013421093792,-5.113847460937173,4.244911229999735,walker
42731,-6.164670488281250,-5.028514269531250,4.894994199999999,walker
42793,-6.241566182500069,-5.606742977499944,4.644095635937312,walker
42856,-7.053578580000007,-4.275041300000035,4.983558840000070,walker
42919,-5.269498985001022,-6.520235780624963,4.228684470834745,walker
42981,-5.391943899999728,-5.771964201875210,5.085647639374916,walker
43044,-5.930642216666667,-6.032870859375000,4.244921306250000,walker
43107,-6.423632516249826,-5.104317961875098,6.265532481250062,walker
43169,-6.340445896484324,-5.138038294921923,5.669456096093723,walker
43232,-5.499059140625320,-5.736238765625167,4.842573062501895,walker
43295,-7.662505707968868,-5.003725145937472,6.655426698280957,walker
43357,-6.971476775000000,-5.389879225000000,4.682558331250000,walker
43420,-6.245635421094126,-4.271002107968402,5.305458200156383,walker
43483,-5.471861400000000,-7.235096255000065,4.106648742083181,walker
43545,-6.550839317343653,-5.392631782812277,4.428129544843792,walker
43608,-6.274089848749847,-4.747964791874923,5.129570803749721,walker
43670,-6.693889329687500,-5.087757018750001,4.973909280468749,walker
43733,-6.469754711875164,-5.259695006093618,3.408693122500035,walker
43796,-6.792776566562448,-5.281357431875048,4.458050213124885,walker
43858,-7.373847890000083,-4.464617567499888,5.283721170000474,walker
43921,-6.740071549843778,-4.835916023281438,5.111887851874902,walker
43984,-6.515289166666666,-4.868863333333334,5.468270812500000,walker
44046,-6.526962885000132,-4.860421017187313,5.727232987501045,walker
44109,-6.049366672499991,-5.542473595833264,3.835728594166546,walker
44172,-5.913951680078278,-4.955710013437340,4.644604405155735,walker
44234,-5.913727346874666,-5.333209545312737,5.032927468749373,walker
44297,-5.946176234375001,-5.634703623437500,3.724354337500000,walker
44360,-6.249674672499993,-5.447685582499986,4.749699929999484,walker
44422,-5.794718496875101,-6.560772950625011,5.112336447500112,walker
44485,-5.423838997500209,-6.219275509686664,4.166729136562221,walker
44547,-6.229328787343917,-4.614534422031188,5.335424070469864,walker
44610,-5.986792937500000,-4.847719625000000,5.868906218750000,walker
44673,-5.389654782812465,-5.522052943593645,4.696994921562326,walker
44735,-6.469141278124906,-5.284259824999825,3.435442116874293,walker
44798,-5.925605622499861,-6.302439431406376,4.696381618749498,walker
44861,-5.901759019999631,-5.196113820000112,3.685248229999875,walker
44923,-6.229822263281250,-4.487102937500000,6.141931089843750,walker
44986,-6.181186470312590,-5.060873279062333,4.207211654062410,walker
45049,-6.213044288046897,-5.039143406249980,5.074711697187524,walker
45111,-7.090680051874275,-5.044177841874959,3.862437440623119,walker
45174,-6.095105224531110,-4.968314247343590,4.329346827500487,walker
45237,-6.674216596875000,-4.301670507812500,5.246559914062500,walker
45299,-6.894386877343743,-5.403567772031216,4.794610882500070,walker
45362,-4.360613946249982,-6.149021872500090,4.697039921250355,walker
45424,-6.233023939374986,-5.696220008436901,3.420900526560633,walker
45487,-6.299701524999805,-4.256879671875258,4.679087537499554,walker
45550,-7.120032278906249,-4.646205050781250,3.766617140625000,walker
45612,-5.468151391250515,-5.110182229374916,6.092412593751185,walker
45675,-8.291075739999732,-4.924346077656034,2.424862080468621,walker
45738,-7.456069534375725,-4.092376787500348,4.260410171874680,walker
45800,-6.803353465468568,-5.905574156249283,4.120576827967949,walker
45863,-7.572280575000000,-3.550965012500000,6.681846325000000,walker
45926,-5.518821541875369,-5.165131319999993,5.389011564843429,walker
45988,-4.231656514999965,-3.242574489687183,0.318144681351425,walker
46051,-6.378347715312541,-3.209991041405247,6.245306035779857,walker
46114,-6.704286761249269,-5.679210271249477,4.411897619373683,walker
46176,-6.107522210546875,-7.528858300000000,3.571385815625000,walker
46239,-4.608176303438100,-6.333572000000000,5.735101784374039,walker
46302,-2.963446131718722,-4.846627451562058,5.313940971405121,walker
46364,-5.436315566250682,-3.243142850000195,6.033648846252815,walker
46427,-5.818505406874909,-6.241236936406501,4.175540603124254,walker
46489,-8.281795081249999,-4.846522756250000,1.409455037500000,walker
46552,-7.150909868749011,-7.090949548125293,5.190279520312959,walker
46615,-6.572576765000188,-5.659043963750028,4.736295756875236,walker
46677,-5.586367031875195,-5.627088798437166,5.155990724531891,walker
46740,-7.490238769999875,-4.368243805312257,4.649167129062333,walker
46803,-5.888579242187499,-3.591956225000000,7.399639274218750,walker
46865,-6.087186166666815,-5.092070266666853,3.668652306667178,walker
46928,-5.498131553125061,-6.383838172499814,4.827493531249926,walker
46991,-6.173646507500766,-3.718579741873802,6.044749049999150,walker
47053,-6.004954851405958,-3.410338761719029,6.299103352811608,walker
47116,-5.749523600000000,-5.096658275000000,5.440444762500000,walker
47179,-5.997668965624506,-5.656036983593729,4.499415217812403,walker
47241,-5.437542443124997,-5.203653943437458,5.259336148750178,walker
47304,-5.917123553906431,-3.782430021875446,4.627699146410193,walker
47366,-7.302756655000404,-4.728875325000224,6.204913589999617,walker
47429,-5.975572960937500,-4.735143848437500,5.120968632812500,walker
47492,-6.428628994687521,-4.915848825625021,5.343472480468965,walker
47554,-5.958982117968676,-4.937914892499968,5.965714158593642,walker
47617,-6.082598308124917,-4.003901806874874,5.215023954375724,walker
47680,-6.988127428125146,-3.699699956406348,5.338939615625105,walker
47742,-6.328335634375001,-4.661464406250000,4.075322106250000,walker
47805,-7.805316499687284,-3.562200196875049,4.976452697656006,walker
47868,-7.674967766666652,-4.220785580000046,5.666863043333050,walker
47930,-6.505913700000000,-4.399442310357079,5.273214770982166,walker
47993,-5.908780213333408,-4.738130907083259,5.662953858333241,walker
48056,-6.993917196093750,-4.332114496093750,5.003904820312500,walker
48118,-7.204857000000000,-3.401422323750021,5.253202339999985,walker
48181,-6.845915388125011,-4.147520045156264,5.026958415468782,walker
48243,-7.310895093125112,-3.860462731249554,5.224448940625237,walker
48306,-7.125642236250104,-3.668373071093583,5.850490179375020,walker
48369,-6.355114456250000,-3.851965443750000,4.999117437500001,walker
48431,-7.176641603281236,-4.001448289062388,4.711072757030847,walker
48494,-6.667204962083328,-4.068789219999953,5.653697996666546,walker
48557,-8.627622081250738,-2.403079884998621,6.196894857812277,walker
48619,-7.226159994375195,-3.750415240624993,6.368219801249979,walker
48682,-6.406428017968750,-5.179163932812499,4.788402174218749,walker
48745,-6.245685065416787,-4.073217533333231,6.199727412499676,walker
48807,-5.776152648906180,-5.907384349218778,4.558074320468753,walker
48870,-6.429317399999907,-3.972485140000316,6.023356020001170,walker
48933,-6.535789442968673,-5.969738500000000,4.194420651874631,walker
48995,-6.839377612500000,-4.713675790625000,4.540735270312500,walker
49058,-6.483443644531431,-4.434831796874700,3.895290294062444,walker
49120,-6.632716906249996,-5.634629000000000,4.684652956250018,walker
49183,-6.194979707812723,-5.330516848437388,5.162528323125320,walker
49246,-5.589015075624961,-6.105053918593802,4.549172997812486,walker
49308,-6.030776460937500,-5.840407467968750,4.945484902343749,walker
49371,-7.083499167500042,-4.875605481250265,3.872191631249819,walker
49434,-6.169263213593726,-5.340899243750049,4.873316705468607,walker
49496,-5.503367589062514,-7.108781818437403,3.985919374999847,walker
49559,-5.598095733593652,-6.121330659531187,5.027512114843513,walker
49622,-5.638817859375000,-5.813254250000000,4.332488450000000,walker
49684,-6.463740902187549,-6.381444500000000,4.078014707500070,walker
49747,-6.462509129166740,-5.834058721249893,4.808383808333366,walker
49810,-5.362127966250209,-5.813209121093847,5.077898105938141,walker
49872,-5.612607149999972,-6.205512065000175,4.790631212500404,walker
49935,-6.148513267968750,-6.260042164062500,4.008225121093751,walker
49997,-6.395477175000076,-5.491010000000000,4.362109966562291,walker
50060,-5.679479548437507,-5.750032184843771,4.673896425781246,walker
50123,-5.918514616874665,-5.771185987500250,4.943704726874526,walker
50185,-6.260670189062632,-5.868936434687319,4.934324615624951,walker
50248,-5.819986196875000,-6.083735781250000,4.327401970312500,walker
50311,-6.434448792343687,-6.243451277499944,4.580349954375390,walker
50373,-6.841023400000000,-5.792130333750042,3.749517453749802,walker
50436,-6.363537005937542,-5.321032204687472,4.891179158593541,walker
50499,-7.426627528124359,-4.205775435625452,1.940494127499965,walker
50561,-7.688746351562500,-4.541932192187500,3.271133712500000,walker
50624,-5.674303406249993,-5.940775421875196,5.237524181250362,walker
50687,-6.389321097656210,-5.009395198046885,4.749438342968766,walker
50749,-6.393023889062347,-5.419291082812792,4.461535592186817,walker
50812,-6.529132001562389,-5.509994768750021,4.220840189531243,walker
50875,-6.202719200000000,-5.216539533333333,4.788876000000000,walker
50937,-6.536732115000140,-4.762101940624854,4.963482229844071,walker
51000,-6.968245387916653,-5.341088883333268,4.481212995833259,walker
51062,-6.628153960000014,-5.017398873437528,4.614459490624554,walker
51125,-5.942899881249996,-5.127326762187518,4.919170093750084,walker
51188,-6.717451655468750,-4.954161585937499,4.370786700000000,walker
51250,-6.476202622812521,-5.209398887812584,4.313937929999581,walker
51313,-6.382701138124336,-4.764959612499996,0.417390973685433,walker
51376,-6.609199286250544,-5.413576277499568,4.829887026252620,walker
51438,-6.753610652343395,-4.741831032968987,2.823133988282176,walker
51501,-8.648820000000001,-4.950646225000000,9.646968075000000,walker
51564,-6.221480259230711,-5.556241656730784,5.330654945625060,walker
51626,-6.295213749999961,-5.877463701874992,4.406811143749659,walker
51689,-5.804950957812570,-6.055415657031069,4.340552024218736,walker
51752,-6.667813306250203,-5.471861400000000,4.487716094374527,walker
51814,-5.042352621093750,-6.606895516406250,4.414545507812500,walker
51877,-6.230166427499833,-5.555638595000209,6.177506327500529,walker
51939,-5.548592247031253,-6.049431472031330,4.815121621875101,walker
52002,-6.532827332968910,-5.787956470781201,4.370652199843798,walker
52065,-5.909328735156348,-6.029399787812472,4.089339887500620,walker
52127,-6.021201853125000,-6.025091343750000,3.477061531250000,walker
52190,-5.897031510937361,-6.053425925156236,4.162240980937082,walker
52253,-6.154916203437385,-5.806582015625003,3.460096523124753,walker
52315,-6.113730806249651,-6.109497279687528,3.542258230468165,walker
52378,-5.647554500000102,-6.448466300000000,4.200359540000112,walker
52441,-5.788682145312499,-6.111636400390625,4.695424199609374,walker
52503,-5.881532927812416,-6.267417471874937,4.469434770312521,walker
52566,-6.258576034374975,-6.178553482343757,3.572926699374903,walker
52629,-6.270798472499568,-5.887038426875307,3.107603161250404,walker
52691,-5.913876809687514,-6.160436703437494,4.283149763906069,walker
52754,-6.045885859375000,-6.199976575000000,3.695331585937500,walker
52816,-6.308692653593813,-6.201622086093611,3.031455419374289,walker
52879,-7.124430499999916,-5.612607210000077,3.986368300000038,walker
52942,-6.886562685156306,-5.517744360156069,3.837393990155498,walker
53004,-5.993136595624986,-6.131398670312409,3.524844425624603,walker
53067,-6.151056667187500,-6.338059807031250,4.217070108593750,walker
53130,-6.135378556249889,-6.418067315624972,4.273964216249903,walker
53192,-6.260466003124977,-6.187320239583388,3.804092517291806,walker
53255,-5.917437437812556,-6.378661728125126,4.338562323437514,walker
53318,-5.567098260000014,-6.927194600000000,3.592614490781584,walker
53380,-5.873394625000000,-6.397601512500000,4.197846312500000,walker
53443,-6.671583330937486,-6.000497081249945,4.048154224843736,walker
53506,-5.646686515624997,-6.457322860625028,4.091987764687730,walker
53568,-6.322770499217329,-6.381983116251059,4.230624240938350,walker
53631,-6.141601937499833,-5.918753787500028,4.151289926250251,walker
53693,-6.554011203906250,-5.673375807031250,3.834312196093750,walker
53756,-6.382402143750334,-6.157519427187458,4.311963089062647,walker
53819,-6.002576042968768,-5.975198988437483,3.993025468906289,walker
53881,-6.122384147142825,-5.723808908571464,4.215131724285710,walker
53944,-6.686903033437402,-5.473581454374965,4.006908791874923,walker
54007,-6.347484728125000,-5.678462237500000,3.936490846875000,walker
54069,-6.713322606249917,-5.663756424218761,4.186566199218938,walker
54132,-6.784712959999997,-5.347392000000000,4.379403968749944,walker
54195,-6.693186247812507,-5.467642735937507,3.976210138281372,walker
54257,-6.271097667187555,-5.958547994687597,3.987505386875349,walker
54320,-6.515376398437500,-5.550402720703126,4.041437060546874,walker
54383,-6.469530362499833,-5.633790993749864,4.448460503749697,walker
54445,-6.195712850937448,-5.608837155937514,3.961130376093726,walker
54508,-6.320197246875066,-5.638548044062476,4.153474240312677,walker
54570,-6.228834949375091,-5.979492521875028,3.636911658125523,walker
54633,-6.315619400000000,-5.459892937500000,4.228365399999999,walker
54696,-6.750633537031396,-5.085378323437479,4.253214295468677,walker
54758,-6.499271505937549,-5.519524557812496,4.563325515312518,walker
54821,-6.369775600625069,-5.405916305416694,4.138902982083403,walker
54884,-6.437934525000153,-5.319146999999923,4.454085375000042,walker
54946,-6.388251371093750,-5.559303968750000,4.358220395312499,walker
55009,-5.696504590937375,-6.063509125937647,4.357532063124968,walker
55072,-6.564931832812482,-5.608418339062472,4.130166327187514,walker
55134,-6.280971624374969,-5.568145554374996,4.405015949999902,walker
55197,-6.354381420312688,-5.718690364531131,4.864654646718778,walker
55260,-6.288990175000000,-5.663202957812500,3.857351056250000,walker
55322,-6.320900279999990,-5.268267301249927,4.053405243906407,walker
55385,-6.807033781249903,-5.769031787500108,3.400165707500313,walker
55447,-6.171088244843684,-5.671745140625275,5.040841437500038,walker
55510,-5.486702038749889,-5.950349871249870,4.910433150000028,walker
55573,-6.108046032812499,-5.577929415625000,4.160819834375000,walker
55635,-5.999539390625063,-5.609794881249948,5.124484143125679,walker
55698,-6.188636856718778,-4.824306673437552,5.629273121875062,walker
55761,-6.561326758124986,-5.791442277499975,5.022455530625070,walker
55823,-5.999494268750021,-5.181872006093694,4.081545489375153,walker
55886,-5.213348375000000,-5.982903875000000,4.636480800000000,walker
55949,-6.809607114999791,-5.632624035781020,3.677154788749112,walker
56011,-6.371002380625010,-5.520033006250035,4.692252685937472,walker
56074,-5.755432847968803,-6.048399233906257,4.577297996874986,walker
56137,-5.807390061875077,-6.446192324999902,3.901753078125181,walker
56199,-5.586830972656250,-5.889177773437500,4.977948797656250,walker
56262,-5.583285309687541,-6.600612214375157,4.531250454687845,walker
56325,-5.232946307812395,-6.888507383281341,4.058581342500240,walker
56387,-5.679509637499983,-6.236748862500094,3.819292237499944,walker
56450,-5.302466266874924,-5.924812937499923,4.454549230937381,walker
56512,-5.562220875000000,-6.619162910937500,4.259183575000000,walker
56575,-6.248507588749812,-6.222342360312239,4.423431559530800,walker
56638,-6.375939078125097,-6.021500836249913,3.948429151875007,walker
56700,-6.151266253593701,-5.760354609687486,4.492398597499899,walker
56763,-5.763526578125084,-6.690762693124874,3.749158466874833,walker
56826,-5.956124757812500,-6.357283689843750,3.935518412500000,walker
56888,-5.823726425000157,-6.485328559999759,4.374138134999864,walker
56951,-5.891556120781271,-6.090527596250090,4.556758008281386,walker
57014,-5.618920471875017,-6.739981822187532,3.462789402812566,walker
57076,-5.785248569531222,-5.962737146875028,3.797884032812465,walker
57139,-5.606802703125000,-6.636367203125000,3.863634312500000,walker
57202,-6.112264942499698,-6.445938258125032,3.778241187812249,walker
57264,-6.242164489375122,-6.372857171562567,4.401844372500258,walker
57327,-6.179092166249811,-6.559695723437482,4.431809899843858,walker
57389,-5.748565971428516,-5.982322128571444,4.002986969285643,walker
57452,-6.058752014843749,-5.989186554687500,3.892058800000000,walker
57515,-5.560785065312626,-6.313614819374926,3.623163219374927,walker
57577,-4.836808572291745,-6.503639740416639,5.242450606458338,walker
57640,-5.321421085625021,-6.551033866874979,3.721272633124673,walker
57703,-5.615479500000000,-6.944727698906278,4.253588090781125,walker
57765,-5.924259178124999,-6.572187765625000,3.739314710937500,walker
57828,-5.664026014062448,-6.384301812656177,4.933860738280351,walker
57891,-4.805711112500115,-6.916423174999982,4.536187284999927,walker
57953,-5.501452717968826,-6.279759627031379,4.159832513593684,walker
58016,-6.680440018437340,-4.769507487500097,4.837815899999728,walker
58079,-6.858751402343750,-6.256227289062499,3.207328179687500,walker
58141,-5.669336393750209,-6.522489757499677,4.204847813124990,walker
58204,-6.534009003124937,-4.288086426562527,5.837115629687482,walker
58266,-6.463755856250150,-5.340061733749914,4.351428295937880,walker
58329,-6.371944741718715,-5.433039390625244,4.981224992812695,walker
58392,-7.061238300000000,-5.342006375000000,4.886017906250000,walker
58454,-6.752608187187604,-5.706946605937521,3.680595678594011,walker
58517,-6.004027543750063,-5.649140232187448,4.512250968750084,walker
58580,-5.981063065624975,-5.398735528906278,4.930464632812496,walker
58642,-5.570479306249888,-5.544089188750007,4.796256115625070,walker
58705,-5.895311355468750,-5.479266644531251,4.972712355468750,walker
58768,-6.332175504166598,-4.859847292499847,4.886975280832623,walker
58830,-6.180842545312531,-4.797901741406285,5.324039152187503,walker
58893,-5.814630939999923,-5.574308940000094,4.979728879999985,walker
58956,-5.628988903593966,-5.242071600000000,5.142137253906529,walker
59018,-6.333870912500000,-5.494750078125000,4.698715515625000,walker
59081,-5.905783331249739,-5.529368507812626,4.750537906093666,walker
59143,-6.032272306250017,-5.524581343750003,4.910193615000188,walker
59206,-7.092580154687518,-4.486713923437469,4.561934047343761,walker
59269,-5.692076000000000,-6.273610842916694,4.731667723332906,walker
59331,-5.239902354687501,-6.211645685156250,5.265335089843750,walker
59394,-5.757023799999763,-5.988249248333389,4.825897866667057,walker
59457,-7.092355506874814,-5.037894351875167,4.232614192500079,walker
59519,-5.601516809166620,-5.715613780000046,4.873092182083208,walker
59582,-5.608208912187486,-6.214428255468833,4.154745823437590,walker
59645,-6.227054600000001,-7.554328237500000,4.635284187500000,walker
59707,-6.251080790781229,-6.465371599374687,4.786906215312448,walker
59770,-5.986763356250024,-5.820943708124934,5.704672459374871,walker
59833,-5.254608382031327,-6.385633404374860,5.429718302500024,walker
59895,-6.255778699999826,-6.851555447499638,3.110535447499408,walker
59958,-5.585634028125000,-6.561491109375000,4.741875857812500,walker
60020,-5.475631151874644,-6.350596534375095,4.997411740625658,walker
60083,-6.321483812187528,-6.163369006249989,4.544999112812413,walker
60146,-5.450857293750066,-6.403765398124941,3.654430243125136,walker
60208,-5.785233865937493,-6.770904572031396,4.248382231249902,walker
60271,-5.374021523437500,-6.883211450000000,3.699670062500000,walker
60334,-5.697775918750032,-6.448690803124843,3.288711917500104,walker
60396,-5.611530325000101,-6.120537735000069,4.546958837500501,walker
60459,-5.770183415624927,-6.127778278593736,4.624093737812597,walker
60522,-5.707006735937438,-6.569076066875133,3.986757190937674,walker
60584,-6.093310225000000,-5.820958648437500,3.967907218750000,walker
60647,-5.948913682500181,-6.697883835000028,4.608475174999624,walker
60710,-5.750181746874986,-6.700292540312490,4.823169815624899,walker
60772,-5.336261464062653,-7.012677518437503,3.875423076250181,walker
60835,-6.130366451719022,-6.649202876562541,4.369679729999735,walker
60898,-6.098995000000000,-5.754311000000000,4.940473300000001,walker
60960,-5.823905790469544,-6.431905537499885,5.591528417344659,walker
61023,-5.599083168749986,-5.924498590312584,4.230340194375202,walker
61085,-6.464653466718813,-5.174062617656270,4.829707449687514,walker
61148,-6.195458837499972,-5.319416251875087,4.927248467187409,walker
61211,-5.971832976562500,-6.285624110156250,4.229561915624999,walker
61273,-5.758439806562479,-5.873334659999979,5.174032564375272,walker
61336,-6.876957983593743,-6.149411202499965,4.125692987343691,walker
61399,-6.449184398750007,-4.422250160000035,5.624814712500091,walker
61461,-6.623860513749637,-5.871599046875372,2.154754988750074,walker
61524,-7.786062450000000,-5.182380487500000,4.783091365625000,walker
61587,-7.631747601719220,-4.197352832968551,5.790933732812333,walker
61649,-5.855382043750066,-5.414533659375077,4.457915568750056,walker
61712,-6.945385997656473,-5.477396836718715,3.645693499843987,walker
61775,-7.013604888437444,-4.560034053124965,4.616404215625217,walker
61837,-6.783351596093750,-5.079603539062500,4.623016734375001,walker
61900,-6.319927925000094,-4.992894260000178,4.862679935000261,walker
61962,-6.688772895468775,-5.297230084843691,4.185235055312406,walker
62025,-6.628109254687542,-4.677322403124982,4.921713190312566,walker
62088,-6.848398603281187,-4.450330581562493,4.437868764062138,walker
62150,-6.679752125000000,-5.603511484375001,4.848617334375000,walker
62213,-5.999898234374665,-5.283033059687437,4.359267445468645,walker
62276,-6.233427876249997,-5.052136718437485,5.113982250312490,walker
62338,-6.559651002187528,-4.843650438124972,5.100532703593788,walker
62401,-6.072305837500188,-5.768074387499896,4.382036968749958,walker
62464,-6.479957788671875,-5.037527734765625,4.643699257812500,walker
62526,-6.597141374999885,-4.223129215625052,5.170531874999885,walker
62589,-6.681906156718735,-4.655749913437472,4.225792029843792,walker
62652,-6.148124268749934,-5.141419341874993,4.829827214374829,walker
62714,-6.186542299687806,-4.738704423281118,5.491802929687507,walker
62777,-6.477339771875000,-5.192404032812500,4.749131734375000,walker
62839,-6.295587465468781,-5.358537327343907,4.544490381875137,walker
62902,-6.334529170000073,-5.389041134999977,4.931377035000019,walker
62965,-6.417887818749874,-5.438634741718823,4.759962755937451,walker
63027,-6.262749703124840,-5.594684965624896,5.066887552499617,walker
63090,-6.179256929687500,-5.509037488281250,4.922820136718750,walker
63153,-5.652999637499780,-5.917257750000115,4.874109518749864,walker
63215,-6.146673472656190,-5.751707682812479,4.412840051874857,walker
63278,-5.878391131874968,-5.944695006249996,4.574066718437507,walker
63341,-6.508158135156320,-5.625054400000000,4.693374684375146,walker
63403,-5.316274656250000,-6.035563343750000,5.006298031250000,walker
63466,-5.420861925781072,-6.316457061562584,4.223996881094210,walker
63529,-5.900562322500083,-6.122841739062504,4.770673968125087,walker
63591,-5.921865500000000,-6.071213995312594,4.213165475000195,walker
63654,-5.243927143750090,-5.645579749999923,5.166313190625292,walker
63716,-6.501949446093750,-6.033693613281250,4.744718250000000,walker
63779,-5.634269915624457,-5.261968721875575,4.787549795937908,walker
63842,-6.978986824999923,-6.024986510937594,4.149584624531201,walker
63904,-6.316816392499896,-5.728459535000027,3.722349759999997,walker
63967,-6.342817136250181,-5.107773465937437,4.951229273437660,walker
64030,-6.281659496875000,-5.054320898437500,4.820941081250000,walker
64092,-5.973373843281344,-6.020438507500073,4.729368964062364,walker
64155,-6.487901948124996,-5.856459578125024,4.265167474999912,walker
64218,-5.864747542968813,-5.975498520312483,4.876293819531285,walker
64280,-6.425248111562333,-5.796020251250042,4.606081635312332,walker
64343,-5.787447466406250,-6.248073688281250,3.915845722656250,walker
64406,-5.922822956249917,-5.597886467499865,4.793982412499833,walker
64468,-5.971503620937576,-5.973942647812532,5.024789269218764,walker
64531,-6.033469098437465,-5.765441372499986,4.561979027812396,walker
64593,-5.912111427187472,-5.617918107343757,4.627579336718854,walker
64656,-6.498433375000000,-5.902716600000000,4.704400575000000,walker
64719,-6.024612853125042,-5.402266319531291,5.058718690625334,walker
64781,-5.872496940624895,-5.890449057812535,4.019549951562511,walker
64844,-5.733755640937897,-6.124995823437367,3.659127728593855,walker
64907,-5.805056149999889,-5.967345149999965,4.189827575000264,walker
64969,-6.520874114583334,-5.963355270833333,3.926567085416667,walker
65032,-6.179615694218692,-5.815497921406302,4.713376523906354,walker
65095,-7.365978743906215,-5.143857900468698,4.455057865624676,walker
65157,-6.458579542499857,-5.251646500000000,4.760471568749833,walker
65220,-6.294001912343576,-5.719243821093694,3.657646605312549,walker
65283,-6.461481718750000,-5.384643148437499,4.880781757812500,walker
65345,-6.584514999374602,-5.304875199218687,4.957707556249331,walker
65408,-6.319090201250011,-5.441342362500018,4.353433002499982,walker
65470,-5.960134079687506,-5.232242676562560,4.878178858281264,walker
65533,-6.217360337499656,-5.416089325000167,3.795954101250176,walker
65596,-6.633075999218749,-5.425334914062500,4.269505970312499,walker
65658,-6.951968794374388,-4.955732618750139,4.657844468749972,walker
65721,-6.448331671875293,-5.132757424999763,4.278721638750920,walker
65784,-6.217240628124777,-5.881233564062695,4.434038661874972,walker
65846,-4.505668634999759,-6.327647468750009,4.929462533125520,walker
65909,-5.818939125000000,-5.708831625000000,5.025447512500000,walker
65972,-6.594797574791964,-5.734523564582738,4.920645670416592,walker
66034,-7.069945171562458,-4.939455807812528,5.108925715624582,walker
66097,-5.844326435624819,-5.628061187500154,4.814971881562514,walker
66160,-5.974166821875014,-6.077991021249979,4.943764461249965,walker
66222,-6.437171582031250,-5.431618269531250,4.619725000000000,walker
66285,-6.189953300000000,-5.316484112499916,4.380870005000753,walker
66348,-6.189938340156236,-5.280295198437430,5.203234931093248,walker
66410,-6.572816251249958,-5.293295710000056,4.825817937499526,walker
66473,-6.190237378281271,-5.122943437499924,5.097630706250174,walker
66535,-6.456844134375000,-5.116256192187500,4.699613248437500,walker
66598,-5.586995426563838,-5.564091508593053,6.192571198281390,walker
66661,-5.740966468124903,-5.513450679375209,5.328542093750627,walker
66723,-7.360263819219697,-5.194587822656056,4.293517083905901,walker
66786,-6.049296982812646,-5.492236796874993,4.595908495312472,walker
66849,-5.966746442708334,-5.690081312500000,5.221825687500000,walker
66911,-5.581011000000154,-5.563776960000056,4.928026220000739,walker
66974,-6.042370517187291,-5.538598937500153,5.408639369061859,walker
67037,-5.809125432499219,-5.730334501667095,3.484501671666815,walker
67099,-7.942676593750214,-5.191905357083101,4.307215576667326,walker
67162,-6.203716928125000,-5.342006306250000,5.710028543750000,walker
67225,-6.710061506407309,-5.494166847655777,4.562712061404494,walker
67287,-5.785577602499791,-5.751139196874973,5.346524252500098,walker
67350,-5.650230047767977,-6.028109210178476,4.213122985982358,walker
67412,-6.373066620000070,-5.645878952500098,4.491426383750334,walker
67475,-6.349205093750000,-6.023744960937500,4.187000347656250,walker
67538,-5.986194876875835,-5.663771598436775,4.685849743125278,walker
67600,-6.609932642656431,-5.456123195312333,3.947232210468862,walker
67663,-7.120361202499982,-5.491728500000205,3.432479900000000,walker
67726,-6.475574598593778,-6.247834432187451,3.390516398750104,walker
67788,-6.609289139062500,-5.521678921875000,3.796163557812500,walker
67851,-6.787106710937166,-5.863744870156389,3.402574349375641,walker
67914,-6.194740422499721,-6.359662584999847,4.158231782499889,walker
67976,-6.483084301562417,-5.901489597968722,3.756294451250070,walker
68039,-6.634242921875007,-6.277979398124987,4.214841145937305,walker
68102,-5.923960437500000,-6.138564678125000,3.535481151562500,walker
68164,-5.993854401875864,-7.032753829999665,4.582863333747993,walker
68227,-5.829216678124401,-6.506706632812820,3.893270636406403,walker
68289,-6.902569766250265,-5.975214081874735,4.158500832499374,walker
68352,-7.048731307656724,-6.036625731406089,4.302762407499798,walker
68415,-6.296470418750000,-5.726185593750000,3.977631500000000,walker
68477,-6.563570665624498,-6.160002905469140,4.001044276562639,walker
68540,-5.686121934375376,-6.062552055624916,4.249249944375084,walker
68603,-6.327901623437375,-6.126432131250195,4.419093535468736,walker
68665,-5.963096212500049,-6.307301517499882,3.668074014374938,walker
68728,-6.766671008593750,-5.898452910937499,4.518594082812499,walker
68791,-6.191838285312305,-5.675619842187221,4.547018819373607,walker
68853,-6.450515906093987,-5.713275135937737,4.338921688594167,walker
68916,-6.143516825000154,-5.997983449999763,4.194136139999540,walker
68979,-6.239367129687716,-6.235656890468576,4.818337680312026,walker
69041,-5.764483734375000,-5.693721981250000,4.266214606249999,walker
69104,-6.084812856251004,-5.433622757812834,5.017398775314340,walker
69166,-6.166615212499861,-5.714397181249820,4.795059518750418,walker
69229,-5.664040374375084,-6.549792100156153,3.357738457188113,walker
69292,-6.168919190624464,-5.617783385312660,3.715707362500098,walker
69354,-5.906456503906250,-5.988289154687500,4.626382757812499,walker
69417,-7.764011174999109,-5.356248331250725,4.161582521248551,walker
69480,-7.118311554219098,-5.119756883437278,4.641762044219628,walker
69542,-6.482785338124429,-5.668229434062932,4.491935159374624,walker
69605,-6.194994753124854,-5.747578619531319,4.519087769531048,walker
69668,-5.906606065625001,-5.723193450000000,4.288804631250000,walker
69730,-6.000092876093109,-5.767565625312444,4.372746695467161,walker
69793,-6.354845153281348,-5.498460507031153,4.518055557499917,walker
69856,-6.843177626562277,-5.434206522656431,3.925300567187528,walker
69918,-6.611952359999937,-5.384972107500063,4.605602922499839,walker
69981,-6.314123262500000,-5.225914531250000,5.190608476562500,walker
70043,-6.104261228125446,-5.706288549062361,4.519461935312751,walker
70106,-5.893141700000000,-5.317650901406417,4.898913414999750,walker
70169,-6.097977743749819,-5.250329778750028,5.270257003124708,walker
70231,-6.585098607031257,-5.324622642187542,4.780697711094029,walker
70294,-5.740098607812500,-5.886708964062500,4.653984687500000,walker
70357,-6.191927961249889,-5.843294621484486,4.067408091641266,walker
70419,-7.237769302500209,-4.460189412499875,4.796376058749833,walker
70482,-7.259820588124916,-6.547757569374959,3.463687036562583,walker
70545,-6.382760997187471,-5.028110379687368,5.128164580624979,walker
70607,-6.426400147656250,-5.819836651562500,4.436163174218750,walker
70670,-6.348651890000112,-5.374679562499777,4.517756290000520,walker
70733,-6.631953893124931,-5.277482536406208,4.196215913437515,walker
70795,-6.202280411875056,-6.224870540625125,4.185429528124931,walker
70858,-5.797590901875076,-6.609139667187360,4.096924481718876,walker
70921,-5.694469700000000,-6.177985250000001,4.339669375000000,walker
